Province,District,Candidate,Party,Total Votes,Year,Total Precentage
North Central Province,Anuradhapura,ANURA KUMARA DISSANAYAKE,NPP,285944.0,2024,47.36634608057832
North Central Province,Anuradhapura,SAJITH PREMADASA,SJB,202289.0,2024,33.508976520906565
North Central Province,Anuradhapura,RANIL WICKREMESINGHE,IND16,82152.0,2024,13.60839906838986
North Central Province,Anuradhapura,NAMAL RAJAPAKSA,SLPP,15029.0,2024,2.4895392637894536
North Central Province,Anuradhapura,DILITH JAYAWEERA,SLCP,3696.0,2024,0.6122388128927952
North Central Province,Anuradhapura,K.K. PIYADASA,IND4,1991.0,2024,0.32980721765951176
North Central Province,Anuradhapura,DISSANAYAKA MUDIYANSELAGE BANDARANAYAKE,IND13,1770.0,2024,0.2931987821483354
North Central Province,Anuradhapura,WIJEYADASA RAJAPAKSHE,JPF,958.0,2024,0.15869177022491826
North Central Province,Anuradhapura,SARATH FONSEKA,IND12,880.0,2024,0.14577114592685603
North Central Province,Anuradhapura,SARATH KEERTHIRATHNA,IND5,825.0,2024,0.1366604493064275
North Central Province,Anuradhapura,K.R. KRISHAN,APP,756.0,2024,0.1252306662735263
North Central Province,Anuradhapura,ANURUDDHA POLGAMPALA,IND11,754.0,2024,0.12489936821460162
North Central Province,Anuradhapura,NAMAL RAJAPAKSHA,SBP,575.0,2024,0.09524819194084341
North Central Province,Anuradhapura,AJANTHA DE ZOYSA,RJA,570.0,2024,0.09441994679353174
North Central Province,Anuradhapura,AKMEEMANA DAYARATHANA THERO,IND1,508.0,2024,0.08414970696686688
North Central Province,Anuradhapura,PRIYANTHA WICKRAMASINGHE,NSSP,508.0,2024,0.08414970696686688
North Central Province,Anuradhapura,AGAMPODI PRASANGA SURANJEEWA ANOJ DE SILVA,DUNF,480.0,2024,0.07951153414192146
North Central Province,Anuradhapura,SIRIPALA AMARASINGHE,IND2,387.0,2024,0.06410617440192418
North Central Province,Anuradhapura,SIRITUNGA JAYASURIYA,USP,372.0,2024,0.06162143895998913
North Central Province,Anuradhapura,VICTOR PERERA,IND10,353.0,2024,0.05847410740020474
North Central Province,Anuradhapura,NUWAN BOPEGE,SPF,285.0,2024,0.04720997339676587
North Central Province,Anuradhapura,ABUBAKAR MOHAMED INFAS,DUA,259.0,2024,0.04290309863074512
North Central Province,Anuradhapura,PEMASIRI MANAGE,IND14,256.0,2024,0.04240615154235811
North Central Province,Anuradhapura,MAHINDA DEWAGE,SLSP,248.0,2024,0.04108095930665942
North Central Province,Anuradhapura,BATHTHARAMULLE SEELARATHANA THERO,JSP,226.0,2024,0.03743668065848802
North Central Province,Anuradhapura,K.A. KULARATNA,IND6,204.0,2024,0.03379240201031662
North Central Province,Anuradhapura,SARATH BANDARANAYAKE,NDF,186.0,2024,0.030810719479994565
North Central Province,Anuradhapura,KEERTHIE WICKRAMARATNE,AJP,168.0,2024,0.02782903694967251
North Central Province,Anuradhapura,ARIYANETHIRAN PAKKIYASELVAM,IND9,155.0,2024,0.025675599566662138
North Central Province,Anuradhapura,PANI WIJESIRIWARDENA,SEP,141.0,2024,0.02335651315418943
North Central Province,Anuradhapura,OSHALA HERATH,NIF,140.0,2024,0.023190864124727092
North Central Province,Anuradhapura,LALITH DE SILVA,UNFF,124.0,2024,0.02054047965332971
North Central Province,Anuradhapura,ANURUDDHA ROSHAN RANASINGHE,IND15,106.0,2024,0.017558797123007657
North Central Province,Anuradhapura,PALLIMULLA KAPUGAMAGE ANURA SIDNEY JAYARATHNA,IND7,99.0,2024,0.0163992539167713
North Central Province,Anuradhapura,JANAKA RATNAYAKE,ELPP,81.0,2024,0.013417571386449247
North Central Province,Anuradhapura,MYLVAGANAM THILAKARAJAH,IND8,74.0,2024,0.012258028180212892
North Central Province,Anuradhapura,SARATH MANAMENDRA,NSU,69.0,2024,0.01142978303290121
North Central Province,Anuradhapura,A.S.P. LIYANAGE,SLLP,68.0,2024,0.011264134003438874
