Province,District,Candidate,Party,Total Votes,Year,Total Precentage
Uva Province,Badulla,SAJITH PREMADASA,SJB,219674.0,2024,38.61218721657023
Uva Province,Badulla,ANURA KUMARA DISSANAYAKE,NPP,197283.0,2024,34.67651215276557
Uva Province,Badulla,RANIL WICKREMESINGHE,IND16,115138.0,2024,20.23785250754055
Uva Province,Badulla,NAMAL RAJAPAKSA,SLPP,13869.0,2024,2.4377597007684684
Uva Province,Badulla,K.K. PIYADASA,IND4,3377.0,2024,0.5935766464413524
Uva Province,Badulla,DILITH JAYAWEERA,SLCP,3042.0,2024,0.5346935618817276
Uva Province,Badulla,DISSANAYAKA MUDIYANSELAGE BANDARANAYAKE,IND13,1352.0,2024,0.2376415830585456
Uva Province,Badulla,SARATH FONSEKA,IND12,1312.0,2024,0.23061076699172475
Uva Province,Badulla,WIJEYADASA RAJAPAKSHE,JPF,1298.0,2024,0.22814998136833745
Uva Province,Badulla,PRIYANTHA WICKRAMASINGHE,NSSP,974.0,2024,0.17120037122708834
Uva Province,Badulla,AKMEEMANA DAYARATHANA THERO,IND1,894.0,2024,0.15713873909344658
Uva Province,Badulla,K.R. KRISHAN,APP,829.0,2024,0.14571366298486266
Uva Province,Badulla,ANURUDDHA POLGAMPALA,IND11,823.0,2024,0.14465904057483953
Uva Province,Badulla,SARATH KEERTHIRATHNA,IND5,809.0,2024,0.14219825495145222
Uva Province,Badulla,VICTOR PERERA,IND10,807.0,2024,0.14184671414811117
Uva Province,Badulla,SIRIPALA AMARASINGHE,IND2,676.0,2024,0.1188207915292728
Uva Province,Badulla,SIRITUNGA JAYASURIYA,USP,661.0,2024,0.11618423550421497
Uva Province,Badulla,NUWAN BOPEGE,SPF,581.0,2024,0.10212260337057323
Uva Province,Badulla,AJANTHA DE ZOYSA,RJA,503.0,2024,0.08841251204027252
Uva Province,Badulla,AGAMPODI PRASANGA SURANJEEWA ANOJ DE SILVA,DUNF,475.0,2024,0.08349094079349789
Uva Province,Badulla,PEMASIRI MANAGE,IND14,466.0,2024,0.08190900717846321
Uva Province,Badulla,NAMAL RAJAPAKSHA,SBP,460.0,2024,0.08085438476844008
Uva Province,Badulla,ARIYANETHIRAN PAKKIYASELVAM,IND9,446.0,2024,0.07839359914505276
Uva Province,Badulla,BATHTHARAMULLE SEELARATHANA THERO,JSP,360.0,2024,0.06327734460138788
Uva Province,Badulla,ABUBAKAR MOHAMED INFAS,DUA,357.0,2024,0.06275003339637632
Uva Province,Badulla,OSHALA HERATH,NIF,320.0,2024,0.05624652853456701
Uva Province,Badulla,PANI WIJESIRIWARDENA,SEP,300.0,2024,0.05273112050115657
Uva Province,Badulla,KEERTHIE WICKRAMARATNE,AJP,258.0,2024,0.04534876363099465
Uva Province,Badulla,K.A. KULARATNA,IND6,237.0,2024,0.04165758519591369
Uva Province,Badulla,MAHINDA DEWAGE,SLSP,209.0,2024,0.03673601394913908
Uva Province,Badulla,SARATH BANDARANAYAKE,NDF,194.0,2024,0.03409945792408125
Uva Province,Badulla,ANURUDDHA ROSHAN RANASINGHE,IND15,160.0,2024,0.028123264267283506
Uva Province,Badulla,JANAKA RATNAYAKE,ELPP,156.0,2024,0.02742018266060142
Uva Province,Badulla,PALLIMULLA KAPUGAMAGE ANURA SIDNEY JAYARATHNA,IND7,141.0,2024,0.02478362663554359
Uva Province,Badulla,LALITH DE SILVA,UNFF,139.0,2024,0.024432085832202546
Uva Province,Badulla,A.S.P. LIYANAGE,SLLP,124.0,2024,0.021795529807144713
Uva Province,Badulla,MYLVAGANAM THILAKARAJAH,IND8,122.0,2024,0.02144398900380367
Uva Province,Badulla,SARATH MANAMENDRA,NSU,98.0,2024,0.017225499363711146
