Province,District,Candidate,Party,Total Votes,Year,Total Precentage
Eastern Province,Batticaloa,SAJITH PREMADASA,SJB,139110.0,2024,43.65632296452512
Eastern Province,Batticaloa,RANIL WICKREMESINGHE,IND16,91132.0,2024,28.59958323918556
Eastern Province,Batticaloa,ANURA KUMARA DISSANAYAKE,NPP,38832.0,2024,12.186487911425774
Eastern Province,Batticaloa,ARIYANETHIRAN PAKKIYASELVAM,IND9,36905.0,2024,11.58174537420602
Eastern Province,Batticaloa,K.K. PIYADASA,IND4,3057.0,2024,0.9593658205920012
Eastern Province,Batticaloa,WIJEYADASA RAJAPAKSHE,JPF,822.0,2024,0.2579649017097236
Eastern Province,Batticaloa,K.R. KRISHAN,APP,768.0,2024,0.24101830232733296
Eastern Province,Batticaloa,SARATH FONSEKA,IND12,759.0,2024,0.23819386909693457
Eastern Province,Batticaloa,PRIYANTHA WICKRAMASINGHE,NSSP,623.0,2024,0.19551354472646934
Eastern Province,Batticaloa,ANURUDDHA POLGAMPALA,IND11,609.0,2024,0.1911199819236273
Eastern Province,Batticaloa,NAMAL RAJAPAKSA,SLPP,559.0,2024,0.17542868619919158
Eastern Province,Batticaloa,VICTOR PERERA,IND10,535.0,2024,0.16789686425146244
Eastern Province,Batticaloa,DISSANAYAKA MUDIYANSELAGE BANDARANAYAKE,IND13,494.0,2024,0.15503000175742512
Eastern Province,Batticaloa,SIRITUNGA JAYASURIYA,USP,406.0,2024,0.12741332128241822
Eastern Province,Batticaloa,AKMEEMANA DAYARATHANA THERO,IND1,331.0,2024,0.1038763776957646
Eastern Province,Batticaloa,SARATH KEERTHIRATHNA,IND5,310.0,2024,0.0972860334915016
Eastern Province,Batticaloa,SIRIPALA AMARASINGHE,IND2,267.0,2024,0.08379151916848686
Eastern Province,Batticaloa,MAHINDA DEWAGE,SLSP,245.0,2024,0.07688734904973513
Eastern Province,Batticaloa,PEMASIRI MANAGE,IND14,223.0,2024,0.0699831789309834
Eastern Province,Batticaloa,AJANTHA DE ZOYSA,RJA,219.0,2024,0.06872787527302855
Eastern Province,Batticaloa,DILITH JAYAWEERA,SLCP,211.0,2024,0.06621726795711882
Eastern Province,Batticaloa,OSHALA HERATH,NIF,200.0,2024,0.06276518289774297
Eastern Province,Batticaloa,ABUBAKAR MOHAMED INFAS,DUA,197.0,2024,0.06182370515427682
Eastern Province,Batticaloa,K.A. KULARATNA,IND6,192.0,2024,0.06025457558183324
Eastern Province,Batticaloa,SARATH BANDARANAYAKE,NDF,185.0,2024,0.058057794180412244
Eastern Province,Batticaloa,KEERTHIE WICKRAMARATNE,AJP,168.0,2024,0.05272275363410409
Eastern Province,Batticaloa,PANI WIJESIRIWARDENA,SEP,164.0,2024,0.05146744997614923
Eastern Province,Batticaloa,NAMAL RAJAPAKSHA,SBP,161.0,2024,0.05052597223268308
Eastern Province,Batticaloa,ANURUDDHA ROSHAN RANASINGHE,IND15,137.0,2024,0.04299415028495393
Eastern Province,Batticaloa,NUWAN BOPEGE,SPF,132.0,2024,0.041425020712510356
Eastern Province,Batticaloa,SARATH MANAMENDRA,NSU,101.0,2024,0.031696417363360194
Eastern Province,Batticaloa,A.S.P. LIYANAGE,SLLP,96.0,2024,0.03012728779091662
Eastern Province,Batticaloa,MYLVAGANAM THILAKARAJAH,IND8,93.0,2024,0.029185810047450477
Eastern Province,Batticaloa,PALLIMULLA KAPUGAMAGE ANURA SIDNEY JAYARATHNA,IND7,92.0,2024,0.028871984132961763
Eastern Province,Batticaloa,AGAMPODI PRASANGA SURANJEEWA ANOJ DE SILVA,DUNF,87.0,2024,0.02730285456051819
Eastern Province,Batticaloa,BATHTHARAMULLE SEELARATHANA THERO,JSP,83.0,2024,0.026047550902563332
Eastern Province,Batticaloa,JANAKA RATNAYAKE,ELPP,74.0,2024,0.023223117672164895
Eastern Province,Batticaloa,LALITH DE SILVA,UNFF,69.0,2024,0.02165398809972132
