Province,District,Candidate,Party,Total Votes,Year,Total Precentage
Western Province,Colombo,ANURA KUMARA DISSANAYAKE,NPP,629963.0,2024,47.2098112246045
Western Province,Colombo,SAJITH PREMADASA,SJB,342108.0,2024,25.637782057719257
Western Province,Colombo,RANIL WICKREMESINGHE,IND16,281436.0,2024,21.090985394075197
Western Province,Colombo,NAMAL RAJAPAKSA,SLPP,30432.0,2024,2.2805926303404553
Western Province,Colombo,DILITH JAYAWEERA,SLCP,26356.0,2024,1.9751347057456965
Western Province,Colombo,ARIYANETHIRAN PAKKIYASELVAM,IND9,3168.0,2024,0.23741185110799692
Western Province,Colombo,SARATH FONSEKA,IND12,2044.0,2024,0.15317860595478083
Western Province,Colombo,DISSANAYAKA MUDIYANSELAGE BANDARANAYAKE,IND13,1691.0,2024,0.1267245707776587
Western Province,Colombo,WIJEYADASA RAJAPAKSHE,JPF,1554.0,2024,0.11645770726699091
Western Province,Colombo,AGAMPODI PRASANGA SURANJEEWA ANOJ DE SILVA,DUNF,1483.0,2024,0.11113692398773971
Western Province,Colombo,K.K. PIYADASA,IND4,1477.0,2024,0.1106872803303382
Western Province,Colombo,NAMAL RAJAPAKSHA,SBP,1099.0,2024,0.08235972991404313
Western Province,Colombo,NUWAN BOPEGE,SPF,1018.0,2024,0.07628954053912274
Western Province,Colombo,ANURUDDHA POLGAMPALA,IND11,942.0,2024,0.07059405421203696
Western Province,Colombo,SARATH KEERTHIRATHNA,IND5,912.0,2024,0.06834583592502942
Western Province,Colombo,BATHTHARAMULLE SEELARATHANA THERO,JSP,891.0,2024,0.06677208312412414
Western Province,Colombo,AJANTHA DE ZOYSA,RJA,775.0,2024,0.05807897241436162
Western Province,Colombo,PRIYANTHA WICKRAMASINGHE,NSSP,737.0,2024,0.05523122925081873
Western Province,Colombo,AKMEEMANA DAYARATHANA THERO,IND1,690.0,2024,0.051709020601173564
Western Province,Colombo,KEERTHIE WICKRAMARATNE,AJP,496.0,2024,0.03717054234519144
Western Province,Colombo,SIRIPALA AMARASINGHE,IND2,449.0,2024,0.033648333695546276
Western Province,Colombo,ANURUDDHA ROSHAN RANASINGHE,IND15,444.0,2024,0.03327363064771169
Western Province,Colombo,K.R. KRISHAN,APP,415.0,2024,0.03110035297027106
Western Province,Colombo,ABUBAKAR MOHAMED INFAS,DUA,396.0,2024,0.029676481388499616
Western Province,Colombo,SIRITUNGA JAYASURIYA,USP,388.0,2024,0.029076956511964267
Western Province,Colombo,PANI WIJESIRIWARDENA,SEP,388.0,2024,0.029076956511964267
Western Province,Colombo,VICTOR PERERA,IND10,320.0,2024,0.02398099506141383
Western Province,Colombo,MAHINDA DEWAGE,SLSP,306.0,2024,0.022931826527476974
Western Province,Colombo,LALITH DE SILVA,UNFF,292.0,2024,0.021882657993540118
Western Province,Colombo,OSHALA HERATH,NIF,272.0,2024,0.020383845802201754
Western Province,Colombo,JANAKA RATNAYAKE,ELPP,261.0,2024,0.019559499096965655
Western Province,Colombo,PEMASIRI MANAGE,IND14,236.0,2024,0.017685983857792697
Western Province,Colombo,K.A. KULARATNA,IND6,212.0,2024,0.015887409228186662
Western Province,Colombo,SARATH BANDARANAYAKE,NDF,196.0,2024,0.014688359475115969
Western Province,Colombo,PALLIMULLA KAPUGAMAGE ANURA SIDNEY JAYARATHNA,IND7,179.0,2024,0.01341436911247836
Western Province,Colombo,A.S.P. LIYANAGE,SLLP,140.0,2024,0.010491685339368551
Western Province,Colombo,MYLVAGANAM THILAKARAJAH,IND8,119.0,2024,0.008917932538463269
Western Province,Colombo,SARATH MANAMENDRA,NSU,105.0,2024,0.007868764004526413
