Province,District,Candidate,Party,Total Votes,Year,Total Precentage
Eastern Province,Digamadulla,SAJITH PREMADASA,SJB,200384.0,2024,47.32768536385473
Eastern Province,Digamadulla,ANURA KUMARA DISSANAYAKE,NPP,108971.0,2024,25.737310373006896
Eastern Province,Digamadulla,RANIL WICKREMESINGHE,IND16,86589.0,2024,20.45101878378921
Eastern Province,Digamadulla,ARIYANETHIRAN PAKKIYASELVAM,IND9,9985.0,2024,2.3583067428441864
Eastern Province,Digamadulla,NAMAL RAJAPAKSA,SLPP,7570.0,2024,1.7879200844597387
Eastern Province,Digamadulla,K.K. PIYADASA,IND4,1452.0,2024,0.3429405498858046
Eastern Province,Digamadulla,DISSANAYAKA MUDIYANSELAGE BANDARANAYAKE,IND13,827.0,2024,0.19532495506581296
Eastern Province,Digamadulla,DILITH JAYAWEERA,SLCP,800.0,2024,0.1889479613695893
Eastern Province,Digamadulla,WIJEYADASA RAJAPAKSHE,JPF,720.0,2024,0.17005316523263037
Eastern Province,Digamadulla,SARATH FONSEKA,IND12,625.0,2024,0.14761559481999165
Eastern Province,Digamadulla,ANURUDDHA POLGAMPALA,IND11,568.0,2024,0.13415305257240842
Eastern Province,Digamadulla,K.R. KRISHAN,APP,431.0,2024,0.10179571418786623
Eastern Province,Digamadulla,PRIYANTHA WICKRAMASINGHE,NSSP,409.0,2024,0.09659964525020254
Eastern Province,Digamadulla,VICTOR PERERA,IND10,346.0,2024,0.08171999329234737
Eastern Province,Digamadulla,SARATH KEERTHIRATHNA,IND5,340.0,2024,0.08030288358207545
Eastern Province,Digamadulla,AKMEEMANA DAYARATHANA THERO,IND1,285.0,2024,0.06731271123791618
Eastern Province,Digamadulla,NUWAN BOPEGE,SPF,261.0,2024,0.06164427239682851
Eastern Province,Digamadulla,AJANTHA DE ZOYSA,RJA,245.0,2024,0.05786531316943672
Eastern Province,Digamadulla,SIRITUNGA JAYASURIYA,USP,243.0,2024,0.05739294326601275
Eastern Province,Digamadulla,NAMAL RAJAPAKSHA,SBP,233.0,2024,0.05503109374889289
Eastern Province,Digamadulla,SIRIPALA AMARASINGHE,IND2,206.0,2024,0.04865410005266925
Eastern Province,Digamadulla,PEMASIRI MANAGE,IND14,198.0,2024,0.04676462043897335
Eastern Province,Digamadulla,AGAMPODI PRASANGA SURANJEEWA ANOJ DE SILVA,DUNF,193.0,2024,0.04558369568041342
Eastern Province,Digamadulla,ANURUDDHA ROSHAN RANASINGHE,IND15,163.0,2024,0.03849814712905382
Eastern Province,Digamadulla,ABUBAKAR MOHAMED INFAS,DUA,163.0,2024,0.03849814712905382
Eastern Province,Digamadulla,SARATH BANDARANAYAKE,NDF,143.0,2024,0.033774448094814086
Eastern Province,Digamadulla,OSHALA HERATH,NIF,138.0,2024,0.032593523336254156
Eastern Province,Digamadulla,MAHINDA DEWAGE,SLSP,137.0,2024,0.03235733838454217
Eastern Province,Digamadulla,K.A. KULARATNA,IND6,123.0,2024,0.029050749060574355
Eastern Province,Digamadulla,KEERTHIE WICKRAMARATNE,AJP,119.0,2024,0.028106009253726406
Eastern Province,Digamadulla,PANI WIJESIRIWARDENA,SEP,112.0,2024,0.026452714591742504
Eastern Province,Digamadulla,BATHTHARAMULLE SEELARATHANA THERO,JSP,97.0,2024,0.022909940316062704
Eastern Province,Digamadulla,LALITH DE SILVA,UNFF,59.0,2024,0.013934912151007211
Eastern Province,Digamadulla,SARATH MANAMENDRA,NSU,57.0,2024,0.013462542247583238
Eastern Province,Digamadulla,PALLIMULLA KAPUGAMAGE ANURA SIDNEY JAYARATHNA,IND7,56.0,2024,0.013226357295871252
Eastern Province,Digamadulla,JANAKA RATNAYAKE,ELPP,51.0,2024,0.012045432537311317
Eastern Province,Digamadulla,A.S.P. LIYANAGE,SLLP,50.0,2024,0.011809247585599331
Eastern Province,Digamadulla,MYLVAGANAM THILAKARAJAH,IND8,48.0,2024,0.011336877682175357
