Province,District,Candidate,Party,Total Votes,Year,Total Precentage
Southern Province,Galle,ANURA KUMARA DISSANAYAKE,NPP,366721.0,2024,51.44650823489801
Southern Province,Galle,SAJITH PREMADASA,SJB,189555.0,2024,26.592267332566426
Southern Province,Galle,RANIL WICKREMESINGHE,IND16,107336.0,2024,15.057938890603516
Southern Province,Galle,NAMAL RAJAPAKSA,SLPP,24382.0,2024,3.420498863668247
Southern Province,Galle,DILITH JAYAWEERA,SLCP,8263.0,2024,1.1591986756825006
Southern Province,Galle,DISSANAYAKA MUDIYANSELAGE BANDARANAYAKE,IND13,1788.0,2024,0.25083471283072867
Southern Province,Galle,K.K. PIYADASA,IND4,1465.0,2024,0.2055217305911731
Southern Province,Galle,SARATH FONSEKA,IND12,1105.0,2024,0.1550180971353217
Southern Province,Galle,NUWAN BOPEGE,SPF,1086.0,2024,0.1523526275918184
Southern Province,Galle,SARATH KEERTHIRATHNA,IND5,935.0,2024,0.13116915911450297
Southern Province,Galle,WIJEYADASA RAJAPAKSHE,JPF,912.0,2024,0.1279425380881569
Southern Province,Galle,NAMAL RAJAPAKSHA,SBP,866.0,2024,0.12148929603546478
Southern Province,Galle,K.R. KRISHAN,APP,721.0,2024,0.10114755478241352
Southern Province,Galle,AGAMPODI PRASANGA SURANJEEWA ANOJ DE SILVA,DUNF,698.0,2024,0.09792093375606745
Southern Province,Galle,ANURUDDHA POLGAMPALA,IND11,692.0,2024,0.09707920653180326
Southern Province,Galle,AJANTHA DE ZOYSA,RJA,673.0,2024,0.0944137369883
Southern Province,Galle,AKMEEMANA DAYARATHANA THERO,IND1,608.0,2024,0.0852950253921046
Southern Province,Galle,PRIYANTHA WICKRAMASINGHE,NSSP,587.0,2024,0.08234898010717993
Southern Province,Galle,SIRIPALA AMARASINGHE,IND2,473.0,2024,0.06635616284616032
Southern Province,Galle,SIRITUNGA JAYASURIYA,USP,392.0,2024,0.054992845318593754
Southern Province,Galle,VICTOR PERERA,IND10,342.0,2024,0.04797845178305884
Southern Province,Galle,BATHTHARAMULLE SEELARATHANA THERO,JSP,334.0,2024,0.04685614881737325
Southern Province,Galle,ABUBAKAR MOHAMED INFAS,DUA,275.0,2024,0.038579164445442043
Southern Province,Galle,MAHINDA DEWAGE,SLSP,261.0,2024,0.03661513425549227
Southern Province,Galle,PEMASIRI MANAGE,IND14,259.0,2024,0.03633455851407087
Southern Province,Galle,KEERTHIE WICKRAMARATNE,AJP,239.0,2024,0.033528801099856904
Southern Province,Galle,SARATH BANDARANAYAKE,NDF,213.0,2024,0.02988131646137875
Southern Province,Galle,K.A. KULARATNA,IND6,194.0,2024,0.027215846917875482
Southern Province,Galle,PALLIMULLA KAPUGAMAGE ANURA SIDNEY JAYARATHNA,IND7,183.0,2024,0.025672680340057798
Southern Province,Galle,OSHALA HERATH,NIF,181.0,2024,0.025392104598636403
Southern Province,Galle,PANI WIJESIRIWARDENA,SEP,178.0,2024,0.024971240986504308
Southern Province,Galle,LALITH DE SILVA,UNFF,176.0,2024,0.024690665245082913
Southern Province,Galle,ANURUDDHA ROSHAN RANASINGHE,IND15,175.0,2024,0.024550377374372215
Southern Province,Galle,ARIYANETHIRAN PAKKIYASELVAM,IND9,165.0,2024,0.023147498667265228
Southern Province,Galle,JANAKA RATNAYAKE,ELPP,133.0,2024,0.018658286804522882
Southern Province,Galle,MYLVAGANAM THILAKARAJAH,IND8,87.0,2024,0.012205044751830757
Southern Province,Galle,SARATH MANAMENDRA,NSU,85.0,2024,0.011924469010409361
Southern Province,Galle,A.S.P. LIYANAGE,SLLP,82.0,2024,0.011503605398277265
