Province,District,Candidate,Party,Total Votes,Year,Total Precentage
Western Province,Gampaha,ANURA KUMARA DISSANAYAKE,NPP,809410.0,2024,55.50028147496998
Western Province,Gampaha,SAJITH PREMADASA,SJB,349550.0,2024,23.968227955641463
Western Province,Gampaha,RANIL WICKREMESINGHE,IND16,216028.0,2024,14.812783146334757
Western Province,Gampaha,NAMAL RAJAPAKSA,SLPP,41193.0,2024,2.8245550398419077
Western Province,Gampaha,DILITH JAYAWEERA,SLCP,17143.0,2024,1.175475130435021
Western Province,Gampaha,DISSANAYAKA MUDIYANSELAGE BANDARANAYAKE,IND13,2853.0,2024,0.19562681835916207
Western Province,Gampaha,SARATH FONSEKA,IND12,1940.0,2024,0.13302349373178213
Western Province,Gampaha,AGAMPODI PRASANGA SURANJEEWA ANOJ DE SILVA,DUNF,1857.0,2024,0.12733228240202032
Western Province,Gampaha,K.K. PIYADASA,IND4,1669.0,2024,0.11444134589605379
Western Province,Gampaha,NAMAL RAJAPAKSHA,SBP,1397.0,2024,0.09579062924912353
Western Province,Gampaha,WIJEYADASA RAJAPAKSHE,JPF,1391.0,2024,0.09537921638191182
Western Province,Gampaha,SARATH KEERTHIRATHNA,IND5,1232.0,2024,0.08447677540080184
Western Province,Gampaha,NUWAN BOPEGE,SPF,1145.0,2024,0.07851128882623223
Western Province,Gampaha,ANURUDDHA POLGAMPALA,IND11,1128.0,2024,0.07734561903579909
Western Province,Gampaha,AJANTHA DE ZOYSA,RJA,1073.0,2024,0.07357433441969187
Western Province,Gampaha,BATHTHARAMULLE SEELARATHANA THERO,JSP,865.0,2024,0.059312021689686356
Western Province,Gampaha,AKMEEMANA DAYARATHANA THERO,IND1,807.0,2024,0.05533503063997328
Western Province,Gampaha,ARIYANETHIRAN PAKKIYASELVAM,IND9,731.0,2024,0.05012380098862512
Western Province,Gampaha,K.R. KRISHAN,APP,704.0,2024,0.048272443086172484
Western Province,Gampaha,PRIYANTHA WICKRAMASINGHE,NSSP,699.0,2024,0.04792959903016274
Western Province,Gampaha,SIRIPALA AMARASINGHE,IND2,562.0,2024,0.03853567189549564
Western Province,Gampaha,ABUBAKAR MOHAMED INFAS,DUA,449.0,2024,0.030787396229675346
Western Province,Gampaha,MAHINDA DEWAGE,SLSP,419.0,2024,0.02873033189361686
Western Province,Gampaha,SIRITUNGA JAYASURIYA,USP,409.0,2024,0.028044643781597364
Western Province,Gampaha,KEERTHIE WICKRAMARATNE,AJP,392.0,2024,0.026878973991164224
Western Province,Gampaha,VICTOR PERERA,IND10,391.0,2024,0.026810405179962273
Western Province,Gampaha,ANURUDDHA ROSHAN RANASINGHE,IND15,360.0,2024,0.02468477203270184
Western Province,Gampaha,PANI WIJESIRIWARDENA,SEP,325.0,2024,0.022284863640633604
Western Province,Gampaha,OSHALA HERATH,NIF,293.0,2024,0.020090661682171218
Western Province,Gampaha,LALITH DE SILVA,UNFF,280.0,2024,0.019199267136545874
Western Province,Gampaha,PEMASIRI MANAGE,IND14,270.0,2024,0.01851357902452638
Western Province,Gampaha,K.A. KULARATNA,IND6,270.0,2024,0.01851357902452638
Western Province,Gampaha,SARATH BANDARANAYAKE,NDF,262.0,2024,0.017965028534910783
Western Province,Gampaha,PALLIMULLA KAPUGAMAGE ANURA SIDNEY JAYARATHNA,IND7,254.0,2024,0.017416478045295187
Western Province,Gampaha,JANAKA RATNAYAKE,ELPP,211.0,2024,0.014468019163611356
Western Province,Gampaha,MYLVAGANAM THILAKARAJAH,IND8,154.0,2024,0.01055959692510023
Western Province,Gampaha,A.S.P. LIYANAGE,SLLP,137.0,2024,0.009393927134667088
Western Province,Gampaha,SARATH MANAMENDRA,NSU,136.0,2024,0.009325358323465137
