Province,District,Candidate,Party,Total Votes,Year,Total Precentage
Southern Province,Hambantota,ANURA KUMARA DISSANAYAKE,NPP,221913.0,2024,51.96271267403796
Southern Province,Hambantota,SAJITH PREMADASA,SJB,131503.0,2024,30.792484463614183
Southern Province,Hambantota,RANIL WICKREMESINGHE,IND16,33217.0,2024,7.778027546351583
Southern Province,Hambantota,NAMAL RAJAPAKSA,SLPP,26707.0,2024,6.253658719342859
Southern Province,Hambantota,DILITH JAYAWEERA,SLCP,2978.0,2024,0.6973226369941601
Southern Province,Hambantota,DISSANAYAKA MUDIYANSELAGE BANDARANAYAKE,IND13,1792.0,2024,0.4196112039937995
Southern Province,Hambantota,K.K. PIYADASA,IND4,826.0,2024,0.19341453934089195
Southern Province,Hambantota,WIJEYADASA RAJAPAKSHE,JPF,803.0,2024,0.18802890446820367
Southern Province,Hambantota,NAMAL RAJAPAKSHA,SBP,732.0,2024,0.1714036837742529
Southern Province,Hambantota,SARATH KEERTHIRATHNA,IND5,665.0,2024,0.15571509523207402
Southern Province,Hambantota,SARATH FONSEKA,IND12,563.0,2024,0.13183097536189126
Southern Province,Hambantota,ANURUDDHA POLGAMPALA,IND11,497.0,2024,0.11637654485765533
Southern Province,Hambantota,AJANTHA DE ZOYSA,RJA,482.0,2024,0.1128641742885108
Southern Province,Hambantota,K.R. KRISHAN,APP,442.0,2024,0.10349785277079206
Southern Province,Hambantota,AGAMPODI PRASANGA SURANJEEWA ANOJ DE SILVA,DUNF,385.0,2024,0.09015084460804286
Southern Province,Hambantota,NUWAN BOPEGE,SPF,367.0,2024,0.08593599992506944
Southern Province,Hambantota,VICTOR PERERA,IND10,314.0,2024,0.0735256239140921
Southern Province,Hambantota,PRIYANTHA WICKRAMASINGHE,NSSP,271.0,2024,0.06345682828254445
Southern Province,Hambantota,SIRITUNGA JAYASURIYA,USP,242.0,2024,0.05666624518219837
Southern Province,Hambantota,SIRIPALA AMARASINGHE,IND2,242.0,2024,0.05666624518219837
Southern Province,Hambantota,BATHTHARAMULLE SEELARATHANA THERO,JSP,230.0,2024,0.05385634872688275
Southern Province,Hambantota,AKMEEMANA DAYARATHANA THERO,IND1,203.0,2024,0.0475340817024226
Southern Province,Hambantota,MAHINDA DEWAGE,SLSP,201.0,2024,0.047065765626536665
Southern Province,Hambantota,PEMASIRI MANAGE,IND14,192.0,2024,0.04495834328504995
Southern Province,Hambantota,ABUBAKAR MOHAMED INFAS,DUA,173.0,2024,0.04050934056413354
Southern Province,Hambantota,SARATH BANDARANAYAKE,NDF,167.0,2024,0.03910439233647574
Southern Province,Hambantota,K.A. KULARATNA,IND6,114.0,2024,0.026694016325498404
Southern Province,Hambantota,ARIYANETHIRAN PAKKIYASELVAM,IND9,103.0,2024,0.024118277908125752
Southern Province,Hambantota,KEERTHIE WICKRAMARATNE,AJP,100.0,2024,0.023415803794296846
Southern Province,Hambantota,PALLIMULLA KAPUGAMAGE ANURA SIDNEY JAYARATHNA,IND7,98.0,2024,0.02294748771841091
Southern Province,Hambantota,LALITH DE SILVA,UNFF,98.0,2024,0.02294748771841091
Southern Province,Hambantota,ANURUDDHA ROSHAN RANASINGHE,IND15,97.0,2024,0.02271332968046794
Southern Province,Hambantota,PANI WIJESIRIWARDENA,SEP,72.0,2024,0.016859378731893727
Southern Province,Hambantota,OSHALA HERATH,NIF,72.0,2024,0.016859378731893727
Southern Province,Hambantota,JANAKA RATNAYAKE,ELPP,69.0,2024,0.016156904618064825
Southern Province,Hambantota,A.S.P. LIYANAGE,SLLP,57.0,2024,0.013347008162749202
Southern Province,Hambantota,MYLVAGANAM THILAKARAJAH,IND8,44.0,2024,0.010302953669490612
Southern Province,Hambantota,SARATH MANAMENDRA,NSU,31.0,2024,0.007258899176232022
