Province,District,Candidate,Party,Total Votes,Year,Total Precentage
Northern Province,Jaffna,SAJITH PREMADASA,SJB,121177.0,2024,32.601805815630314
Northern Province,Jaffna,ARIYANETHIRAN PAKKIYASELVAM,IND9,116688.0,2024,31.394072447859493
Northern Province,Jaffna,RANIL WICKREMESINGHE,IND16,84558.0,2024,22.74972557628979
Northern Province,Jaffna,ANURA KUMARA DISSANAYAKE,NPP,27086.0,2024,7.28729472030305
Northern Province,Jaffna,K.K. PIYADASA,IND4,6074.0,2024,1.6341662900066722
Northern Province,Jaffna,VICTOR PERERA,IND10,1178.0,2024,0.3169324810055746
Northern Province,Jaffna,WIJEYADASA RAJAPAKSHE,JPF,1019.0,2024,0.2741546673554164
Northern Province,Jaffna,SARATH FONSEKA,IND12,901.0,2024,0.24240761068422978
Northern Province,Jaffna,SIRITUNGA JAYASURIYA,USP,817.0,2024,0.21980801101999528
Northern Province,Jaffna,K.R. KRISHAN,APP,816.0,2024,0.21953896816684962
Northern Province,Jaffna,NAMAL RAJAPAKSA,SLPP,800.0,2024,0.21523428251651924
Northern Province,Jaffna,AKMEEMANA DAYARATHANA THERO,IND1,782.0,2024,0.21039151115989754
Northern Province,Jaffna,ANURUDDHA POLGAMPALA,IND11,712.0,2024,0.19155851143970212
Northern Province,Jaffna,PRIYANTHA WICKRAMASINGHE,NSSP,684.0,2024,0.18402531155162394
Northern Province,Jaffna,SARATH KEERTHIRATHNA,IND5,629.0,2024,0.16922795462861326
Northern Province,Jaffna,NUWAN BOPEGE,SPF,617.0,2024,0.16599944039086545
Northern Province,Jaffna,MAHINDA DEWAGE,SLSP,600.0,2024,0.1614257118873894
Northern Province,Jaffna,SIRIPALA AMARASINGHE,IND2,540.0,2024,0.14528314069865048
Northern Province,Jaffna,DISSANAYAKA MUDIYANSELAGE BANDARANAYAKE,IND13,508.0,2024,0.1366737693979897
Northern Province,Jaffna,DILITH JAYAWEERA,SLCP,495.0,2024,0.13317621230709628
Northern Province,Jaffna,ABUBAKAR MOHAMED INFAS,DUA,463.0,2024,0.1245668410064355
Northern Province,Jaffna,SARATH BANDARANAYAKE,NDF,405.0,2024,0.10896235552398786
Northern Province,Jaffna,PANI WIJESIRIWARDENA,SEP,392.0,2024,0.10546479843309442
Northern Province,Jaffna,OSHALA HERATH,NIF,363.0,2024,0.09766255569187061
Northern Province,Jaffna,PEMASIRI MANAGE,IND14,346.0,2024,0.09308882718839456
Northern Province,Jaffna,BATHTHARAMULLE SEELARATHANA THERO,JSP,331.0,2024,0.08905318439120984
Northern Province,Jaffna,NAMAL RAJAPAKSHA,SBP,330.0,2024,0.08878414153806419
Northern Province,Jaffna,AJANTHA DE ZOYSA,RJA,329.0,2024,0.08851509868491853
Northern Province,Jaffna,ANURUDDHA ROSHAN RANASINGHE,IND15,261.0,2024,0.0702201846710144
Northern Province,Jaffna,K.A. KULARATNA,IND6,239.0,2024,0.06430124190181012
Northern Province,Jaffna,MYLVAGANAM THILAKARAJAH,IND8,226.0,2024,0.060803684810916685
Northern Province,Jaffna,SARATH MANAMENDRA,NSU,221.0,2024,0.05945847054518844
Northern Province,Jaffna,AGAMPODI PRASANGA SURANJEEWA ANOJ DE SILVA,DUNF,215.0,2024,0.05784421342631454
Northern Province,Jaffna,KEERTHIE WICKRAMARATNE,AJP,201.0,2024,0.05407761348227546
Northern Province,Jaffna,LALITH DE SILVA,UNFF,195.0,2024,0.05246335636340156
Northern Province,Jaffna,PALLIMULLA KAPUGAMAGE ANURA SIDNEY JAYARATHNA,IND7,172.0,2024,0.04627537074105163
Northern Province,Jaffna,JANAKA RATNAYAKE,ELPP,170.0,2024,0.045737285034760336
Northern Province,Jaffna,A.S.P. LIYANAGE,SLLP,148.0,2024,0.039818342265556056
