Province,District,Candidate,Party,Total Votes,Year,Total Precentage
,Kalutara,ANURA KUMARA DISSANAYAKE,NPP,387764.0,2024,47.431860827529185
,Kalutara,SAJITH PREMADASA,SJB,236307.0,2024,28.90541859628779
,Kalutara,RANIL WICKREMESINGHE,IND16,143285.0,2024,17.526831213502334
,Kalutara,NAMAL RAJAPAKSA,SLPP,22727.0,2024,2.7799999510714137
,Kalutara,DILITH JAYAWEERA,SLCP,10261.0,2024,1.2551405595962413
,Kalutara,K.K. PIYADASA,IND4,1730.0,2024,0.21161613566918402
,Kalutara,DISSANAYAKA MUDIYANSELAGE BANDARANAYAKE,IND13,1521.0,2024,0.18605094933689534
,Kalutara,SARATH FONSEKA,IND12,1317.0,2024,0.1610973703331303
,Kalutara,NUWAN BOPEGE,SPF,1013.0,2024,0.12391164475889216
,Kalutara,SARATH KEERTHIRATHNA,IND5,960.0,2024,0.11742860707654144
,Kalutara,WIJEYADASA RAJAPAKSHE,JPF,938.0,2024,0.11473753483103735
,Kalutara,AGAMPODI PRASANGA SURANJEEWA ANOJ DE SILVA,DUNF,925.0,2024,0.11314735577687585
,Kalutara,NAMAL RAJAPAKSHA,SBP,789.0,2024,0.0965116364410325
,Kalutara,ANURUDDHA POLGAMPALA,IND11,773.0,2024,0.0945544929897568
,Kalutara,AKMEEMANA DAYARATHANA THERO,IND1,652.0,2024,0.07975359563948439
,Kalutara,K.R. KRISHAN,APP,611.0,2024,0.07473841554559044
,Kalutara,AJANTHA DE ZOYSA,RJA,582.0,2024,0.07119109304015325
,Kalutara,PRIYANTHA WICKRAMASINGHE,NSSP,561.0,2024,0.0686223422603539
,Kalutara,SIRIPALA AMARASINGHE,IND2,459.0,2024,0.05614555275847138
,Kalutara,BATHTHARAMULLE SEELARATHANA THERO,JSP,434.0,2024,0.053087516115853106
,Kalutara,VICTOR PERERA,IND10,395.0,2024,0.04831697895336862
,Kalutara,SIRITUNGA JAYASURIYA,USP,377.0,2024,0.04611519257068346
,Kalutara,PEMASIRI MANAGE,IND14,318.0,2024,0.03889822609410435
,Kalutara,ABUBAKAR MOHAMED INFAS,DUA,299.0,2024,0.036574118245714465
,Kalutara,MAHINDA DEWAGE,SLSP,258.0,2024,0.03155893815182051
,Kalutara,ANURUDDHA ROSHAN RANASINGHE,IND15,249.0,2024,0.030458044960477933
,Kalutara,KEERTHIE WICKRAMARATNE,AJP,241.0,2024,0.02947947323484009
,Kalutara,OSHALA HERATH,NIF,230.0,2024,0.028133937112088052
,Kalutara,SARATH BANDARANAYAKE,NDF,223.0,2024,0.027277686852154936
,Kalutara,PANI WIJESIRIWARDENA,SEP,217.0,2024,0.026543758057926553
,Kalutara,K.A. KULARATNA,IND6,216.0,2024,0.026421436592221823
,Kalutara,ARIYANETHIRAN PAKKIYASELVAM,IND9,215.0,2024,0.026299115126517093
,Kalutara,LALITH DE SILVA,UNFF,176.0,2024,0.021528577964032597
,Kalutara,PALLIMULLA KAPUGAMAGE ANURA SIDNEY JAYARATHNA,IND7,154.0,2024,0.018837505718528522
,Kalutara,JANAKA RATNAYAKE,ELPP,124.0,2024,0.015167861747386602
,Kalutara,SARATH MANAMENDRA,NSU,80.0,2024,0.009785717256378453
,Kalutara,A.S.P. LIYANAGE,SLLP,75.0,2024,0.0091741099278548
,Kalutara,MYLVAGANAM THILAKARAJAH,IND8,62.0,2024,0.007583930873693301
