Province,District,Candidate,Party,Total Votes,Year,Total Precentage
Sabaragamuwa Province,Kegalle,ANURA KUMARA DISSANAYAKE,NPP,247179.0,2024,43.38917179674869
Sabaragamuwa Province,Kegalle,SAJITH PREMADASA,SJB,185930.0,2024,32.637678411877566
Sabaragamuwa Province,Kegalle,RANIL WICKREMESINGHE,IND16,106510.0,2024,18.69649399047534
Sabaragamuwa Province,Kegalle,NAMAL RAJAPAKSA,SLPP,11722.0,2024,2.057650009917866
Sabaragamuwa Province,Kegalle,DILITH JAYAWEERA,SLCP,4619.0,2024,0.810807489831993
Sabaragamuwa Province,Kegalle,K.K. PIYADASA,IND4,1451.0,2024,0.25470484255168263
Sabaragamuwa Province,Kegalle,DISSANAYAKA MUDIYANSELAGE BANDARANAYAKE,IND13,1416.0,2024,0.24856103173892663
Sabaragamuwa Province,Kegalle,SARATH FONSEKA,IND12,1056.0,2024,0.18536754909343683
Sabaragamuwa Province,Kegalle,WIJEYADASA RAJAPAKSHE,JPF,910.0,2024,0.15973908113165483
Sabaragamuwa Province,Kegalle,AGAMPODI PRASANGA SURANJEEWA ANOJ DE SILVA,DUNF,736.0,2024,0.1291955645196681
Sabaragamuwa Province,Kegalle,NUWAN BOPEGE,SPF,707.0,2024,0.1241049784176703
Sabaragamuwa Province,Kegalle,SARATH KEERTHIRATHNA,IND5,656.0,2024,0.11515256837622591
Sabaragamuwa Province,Kegalle,PRIYANTHA WICKRAMASINGHE,NSSP,567.0,2024,0.09952973516664648
Sabaragamuwa Province,Kegalle,ANURUDDHA POLGAMPALA,IND11,544.0,2024,0.09549237377540686
Sabaragamuwa Province,Kegalle,AKMEEMANA DAYARATHANA THERO,IND1,507.0,2024,0.08899748805906485
Sabaragamuwa Province,Kegalle,SIRIPALA AMARASINGHE,IND2,480.0,2024,0.0842579768606531
Sabaragamuwa Province,Kegalle,K.R. KRISHAN,APP,468.0,2024,0.08215152743913678
Sabaragamuwa Province,Kegalle,AJANTHA DE ZOYSA,RJA,448.0,2024,0.07864077840327624
Sabaragamuwa Province,Kegalle,NAMAL RAJAPAKSHA,SBP,420.0,2024,0.07372572975307147
Sabaragamuwa Province,Kegalle,VICTOR PERERA,IND10,403.0,2024,0.07074159307259
Sabaragamuwa Province,Kegalle,SIRITUNGA JAYASURIYA,USP,343.0,2024,0.06020934596500837
Sabaragamuwa Province,Kegalle,ABUBAKAR MOHAMED INFAS,DUA,274.0,2024,0.04809726179128948
Sabaragamuwa Province,Kegalle,BATHTHARAMULLE SEELARATHANA THERO,JSP,273.0,2024,0.04792172433949646
Sabaragamuwa Province,Kegalle,ARIYANETHIRAN PAKKIYASELVAM,IND9,205.0,2024,0.0359851776175706
Sabaragamuwa Province,Kegalle,MAHINDA DEWAGE,SLSP,197.0,2024,0.03458087800322638
Sabaragamuwa Province,Kegalle,PEMASIRI MANAGE,IND14,191.0,2024,0.033527653292468214
Sabaragamuwa Province,Kegalle,KEERTHIE WICKRAMARATNE,AJP,190.0,2024,0.03335211584067519
Sabaragamuwa Province,Kegalle,PANI WIJESIRIWARDENA,SEP,164.0,2024,0.028788142094056477
Sabaragamuwa Province,Kegalle,K.A. KULARATNA,IND6,159.0,2024,0.02791045483509134
Sabaragamuwa Province,Kegalle,OSHALA HERATH,NIF,155.0,2024,0.02720830502791923
Sabaragamuwa Province,Kegalle,SARATH BANDARANAYAKE,NDF,126.0,2024,0.022117718925921438
Sabaragamuwa Province,Kegalle,ANURUDDHA ROSHAN RANASINGHE,IND15,117.0,2024,0.020537881859784196
Sabaragamuwa Province,Kegalle,PALLIMULLA KAPUGAMAGE ANURA SIDNEY JAYARATHNA,IND7,116.0,2024,0.020362344407991166
Sabaragamuwa Province,Kegalle,LALITH DE SILVA,UNFF,100.0,2024,0.01755374517930273
Sabaragamuwa Province,Kegalle,JANAKA RATNAYAKE,ELPP,95.0,2024,0.016676057920337595
Sabaragamuwa Province,Kegalle,MYLVAGANAM THILAKARAJAH,IND8,87.0,2024,0.015271758305993375
Sabaragamuwa Province,Kegalle,A.S.P. LIYANAGE,SLLP,81.0,2024,0.014218533595235212
Sabaragamuwa Province,Kegalle,SARATH MANAMENDRA,NSU,77.0,2024,0.013516383788063102
