Province,District,Candidate,Party,Total Votes,Year,Total Precentage
Wayamba Province,Kurunegala,ANURA KUMARA DISSANAYAKE,NPP,544763.0,2024,48.19661804505557
Wayamba Province,Kurunegala,SAJITH PREMADASA,SJB,368290.0,2024,32.58358673370533
Wayamba Province,Kurunegala,RANIL WICKREMESINGHE,IND16,146520.0,2024,12.963010476044706
Wayamba Province,Kurunegala,NAMAL RAJAPAKSA,SLPP,38730.0,2024,3.426545152451621
Wayamba Province,Kurunegala,DILITH JAYAWEERA,SLCP,7532.0,2024,0.6663758866063932
Wayamba Province,Kurunegala,DISSANAYAKA MUDIYANSELAGE BANDARANAYAKE,IND13,2719.0,2024,0.24055709448788945
Wayamba Province,Kurunegala,K.K. PIYADASA,IND4,2348.0,2024,0.20773374691341095
Wayamba Province,Kurunegala,SARATH FONSEKA,IND12,1723.0,2024,0.1524383500561359
Wayamba Province,Kurunegala,NAMAL RAJAPAKSHA,SBP,1584.0,2024,0.14014065379507792
Wayamba Province,Kurunegala,WIJEYADASA RAJAPAKSHE,JPF,1499.0,2024,0.1326204798224885
Wayamba Province,Kurunegala,K.R. KRISHAN,APP,1474.0,2024,0.1304086639481975
Wayamba Province,Kurunegala,SARATH KEERTHIRATHNA,IND5,1440.0,2024,0.12740059435916173
Wayamba Province,Kurunegala,AGAMPODI PRASANGA SURANJEEWA ANOJ DE SILVA,DUNF,1284.0,2024,0.11359886330358589
Wayamba Province,Kurunegala,ANURUDDHA POLGAMPALA,IND11,1236.0,2024,0.10935217682494715
Wayamba Province,Kurunegala,AJANTHA DE ZOYSA,RJA,863.0,2024,0.0763518839805254
Wayamba Province,Kurunegala,PRIYANTHA WICKRAMASINGHE,NSSP,772.0,2024,0.06830087419810615
Wayamba Province,Kurunegala,AKMEEMANA DAYARATHANA THERO,IND1,743.0,2024,0.06573516778392859
Wayamba Province,Kurunegala,SIRIPALA AMARASINGHE,IND2,656.0,2024,0.0580380485413959
Wayamba Province,Kurunegala,VICTOR PERERA,IND10,630.0,2024,0.055737760032133266
Wayamba Province,Kurunegala,NUWAN BOPEGE,SPF,502.0,2024,0.04441326275576333
Wayamba Province,Kurunegala,BATHTHARAMULLE SEELARATHANA THERO,JSP,490.0,2024,0.04335159113610365
Wayamba Province,Kurunegala,SIRITUNGA JAYASURIYA,USP,486.0,2024,0.04299770059621709
Wayamba Province,Kurunegala,PEMASIRI MANAGE,IND14,465.0,2024,0.041139775261812644
Wayamba Province,Kurunegala,ABUBAKAR MOHAMED INFAS,DUA,381.0,2024,0.03370807392419488
Wayamba Province,Kurunegala,MAHINDA DEWAGE,SLSP,368.0,2024,0.03255792966956356
Wayamba Province,Kurunegala,SARATH BANDARANAYAKE,NDF,346.0,2024,0.030611531700187475
Wayamba Province,Kurunegala,KEERTHIE WICKRAMARATNE,AJP,315.0,2024,0.027868880016066633
Wayamba Province,Kurunegala,OSHALA HERATH,NIF,277.0,2024,0.024506919887144308
Wayamba Province,Kurunegala,K.A. KULARATNA,IND6,271.0,2024,0.023976084077314466
Wayamba Province,Kurunegala,PANI WIJESIRIWARDENA,SEP,230.0,2024,0.020348706043477223
Wayamba Province,Kurunegala,PALLIMULLA KAPUGAMAGE ANURA SIDNEY JAYARATHNA,IND7,226.0,2024,0.01999481550359066
Wayamba Province,Kurunegala,ARIYANETHIRAN PAKKIYASELVAM,IND9,225.0,2024,0.01990634286861902
Wayamba Province,Kurunegala,ANURUDDHA ROSHAN RANASINGHE,IND15,220.0,2024,0.019463979693760822
Wayamba Province,Kurunegala,LALITH DE SILVA,UNFF,215.0,2024,0.01902161651890262
Wayamba Province,Kurunegala,JANAKA RATNAYAKE,ELPP,136.0,2024,0.012032278356143053
Wayamba Province,Kurunegala,SARATH MANAMENDRA,NSU,114.0,2024,0.010085880386766971
Wayamba Province,Kurunegala,MYLVAGANAM THILAKARAJAH,IND8,113.0,2024,0.00999740775179533
Wayamba Province,Kurunegala,A.S.P. LIYANAGE,SLLP,107.0,2024,0.00946657194196549
