Province,District,Candidate,Party,Total Votes,Year,Total Precentage
Central Province,Mahanuwara,ANURA KUMARA DISSANAYAKE,NPP,394534.0,2024,42.26322848242558
Central Province,Mahanuwara,SAJITH PREMADASA,SJB,323998.0,2024,34.70727871830799
Central Province,Mahanuwara,RANIL WICKREMESINGHE,IND16,162707.0,2024,17.429481658589676
Central Province,Mahanuwara,NAMAL RAJAPAKSA,SLPP,19403.0,2024,2.078486067726745
Central Province,Mahanuwara,DILITH JAYAWEERA,SLCP,9098.0,2024,0.9745949721268836
Central Province,Mahanuwara,K.K. PIYADASA,IND4,3278.0,2024,0.35114556151153276
Central Province,Mahanuwara,DISSANAYAKA MUDIYANSELAGE BANDARANAYAKE,IND13,2365.0,2024,0.2533432742448978
Central Province,Mahanuwara,WIJEYADASA RAJAPAKSHE,JPF,1668.0,2024,0.17867931561965728
Central Province,Mahanuwara,SARATH FONSEKA,IND12,1584.0,2024,0.16968107670355945
Central Province,Mahanuwara,AGAMPODI PRASANGA SURANJEEWA ANOJ DE SILVA,DUNF,1176.0,2024,0.1259753448253699
Central Province,Mahanuwara,ANURUDDHA POLGAMPALA,IND11,1074.0,2024,0.1150489118558225
Central Province,Mahanuwara,SARATH KEERTHIRATHNA,IND5,1010.0,2024,0.10819311077689081
Central Province,Mahanuwara,PRIYANTHA WICKRAMASINGHE,NSSP,999.0,2024,0.10701476996644943
Central Province,Mahanuwara,AKMEEMANA DAYARATHANA THERO,IND1,837.0,2024,0.08966102348540357
Central Province,Mahanuwara,VICTOR PERERA,IND10,764.0,2024,0.08184112537974711
Central Province,Mahanuwara,K.R. KRISHAN,APP,754.0,2024,0.08076990646116403
Central Province,Mahanuwara,SIRIPALA AMARASINGHE,IND2,731.0,2024,0.07830610294842295
Central Province,Mahanuwara,AJANTHA DE ZOYSA,RJA,715.0,2024,0.07659215267869003
Central Province,Mahanuwara,NAMAL RAJAPAKSHA,SBP,699.0,2024,0.07487820240895711
Central Province,Mahanuwara,SIRITUNGA JAYASURIYA,USP,594.0,2024,0.06363040376383479
Central Province,Mahanuwara,NUWAN BOPEGE,SPF,546.0,2024,0.05848855295463603
Central Province,Mahanuwara,BATHTHARAMULLE SEELARATHANA THERO,JSP,497.0,2024,0.053239580253578944
Central Province,Mahanuwara,ABUBAKAR MOHAMED INFAS,DUA,487.0,2024,0.05216836133499586
Central Province,Mahanuwara,ARIYANETHIRAN PAKKIYASELVAM,IND9,433.0,2024,0.04638377917464725
Central Province,Mahanuwara,KEERTHIE WICKRAMARATNE,AJP,432.0,2024,0.04627665728278894
Central Province,Mahanuwara,PEMASIRI MANAGE,IND14,384.0,2024,0.04113480647359016
Central Province,Mahanuwara,PANI WIJESIRIWARDENA,SEP,354.0,2024,0.037921149717840934
Central Province,Mahanuwara,OSHALA HERATH,NIF,337.0,2024,0.0361000775562497
Central Province,Mahanuwara,MAHINDA DEWAGE,SLSP,319.0,2024,0.03417188350280017
Central Province,Mahanuwara,K.A. KULARATNA,IND6,275.0,2024,0.029458520261034623
Central Province,Mahanuwara,ANURUDDHA ROSHAN RANASINGHE,IND15,265.0,2024,0.02838730134245155
Central Province,Mahanuwara,SARATH BANDARANAYAKE,NDF,233.0,2024,0.024959400802985702
Central Province,Mahanuwara,LALITH DE SILVA,UNFF,232.0,2024,0.024852278911127394
Central Province,Mahanuwara,PALLIMULLA KAPUGAMAGE ANURA SIDNEY JAYARATHNA,IND7,162.0,2024,0.017353746481045852
Central Province,Mahanuwara,MYLVAGANAM THILAKARAJAH,IND8,161.0,2024,0.017246624589187545
Central Province,Mahanuwara,JANAKA RATNAYAKE,ELPP,160.0,2024,0.017139502697329237
Central Province,Mahanuwara,SARATH MANAMENDRA,NSU,140.0,2024,0.014997064860163082
Central Province,Mahanuwara,A.S.P. LIYANAGE,SLLP,111.0,2024,0.011890529996272159
