Province,District,Candidate,Party,Total Votes,Year,Total Precentage
Central Province,Matale,ANURA KUMARA DISSANAYAKE,NPP,140544.0,2024,41.36883561845443
Central Province,Matale,SAJITH PREMADASA,SJB,121803.0,2024,35.85246104305133
Central Province,Matale,RANIL WICKREMESINGHE,IND16,53829.0,2024,15.844454779327355
Central Province,Matale,NAMAL RAJAPAKSA,SLPP,10327.0,2024,3.0397310837302123
Central Province,Matale,DILITH JAYAWEERA,SLCP,2835.0,2024,0.8344763844654937
Central Province,Matale,K.K. PIYADASA,IND4,1365.0,2024,0.40178492585375614
Central Province,Matale,DISSANAYAKA MUDIYANSELAGE BANDARANAYAKE,IND13,1225.0,2024,0.3605762155097812
Central Province,Matale,WIJEYADASA RAJAPAKSHE,JPF,868.0,2024,0.25549400413264495
Central Province,Matale,SARATH FONSEKA,IND12,637.0,2024,0.1874996320650862
Central Province,Matale,ANURUDDHA POLGAMPALA,IND11,479.0,2024,0.14099265896260016
Central Province,Matale,SARATH KEERTHIRATHNA,IND5,444.0,2024,0.1306904813766064
Central Province,Matale,K.R. KRISHAN,APP,418.0,2024,0.12303743516986819
Central Province,Matale,AGAMPODI PRASANGA SURANJEEWA ANOJ DE SILVA,DUNF,418.0,2024,0.12303743516986819
Central Province,Matale,AKMEEMANA DAYARATHANA THERO,IND1,412.0,2024,0.12127134758369784
Central Province,Matale,PRIYANTHA WICKRAMASINGHE,NSSP,397.0,2024,0.11685612861827195
Central Province,Matale,VICTOR PERERA,IND10,331.0,2024,0.09742916517039801
Central Province,Matale,AJANTHA DE ZOYSA,RJA,317.0,2024,0.09330829413600052
Central Province,Matale,NAMAL RAJAPAKSHA,SBP,313.0,2024,0.09213090241188694
Central Province,Matale,SIRIPALA AMARASINGHE,IND2,293.0,2024,0.0862439437913191
Central Province,Matale,SIRITUNGA JAYASURIYA,USP,290.0,2024,0.0853608999982339
Central Province,Matale,ARIYANETHIRAN PAKKIYASELVAM,IND9,203.0,2024,0.05975262999876374
Central Province,Matale,BATHTHARAMULLE SEELARATHANA THERO,JSP,198.0,2024,0.05828089034362177
Central Province,Matale,PEMASIRI MANAGE,IND14,183.0,2024,0.05386567137819589
Central Province,Matale,ABUBAKAR MOHAMED INFAS,DUA,181.0,2024,0.0532769755161391
Central Province,Matale,NUWAN BOPEGE,SPF,180.0,2024,0.0529826275851107
Central Province,Matale,MAHINDA DEWAGE,SLSP,139.0,2024,0.040914362412946596
Central Province,Matale,OSHALA HERATH,NIF,138.0,2024,0.0406200144819182
Central Province,Matale,PANI WIJESIRIWARDENA,SEP,128.0,2024,0.03767653517163428
Central Province,Matale,SARATH BANDARANAYAKE,NDF,117.0,2024,0.03443870793032196
Central Province,Matale,K.A. KULARATNA,IND6,111.0,2024,0.0326726203441516
Central Province,Matale,KEERTHIE WICKRAMARATNE,AJP,110.0,2024,0.03237827241312321
Central Province,Matale,PALLIMULLA KAPUGAMAGE ANURA SIDNEY JAYARATHNA,IND7,95.0,2024,0.027963053447697315
Central Province,Matale,ANURUDDHA ROSHAN RANASINGHE,IND15,94.0,2024,0.02766870551666892
Central Province,Matale,LALITH DE SILVA,UNFF,85.0,2024,0.02501957413741339
Central Province,Matale,JANAKA RATNAYAKE,ELPP,63.0,2024,0.018543919654788747
Central Province,Matale,MYLVAGANAM THILAKARAJAH,IND8,58.0,2024,0.017072179999646782
Central Province,Matale,SARATH MANAMENDRA,NSU,53.0,2024,0.015600440344504819
Central Province,Matale,A.S.P. LIYANAGE,SLLP,53.0,2024,0.015600440344504819
