Province,District,Candidate,Party,Total Votes,Year,Total Precentage
Southern Province,Matara,ANURA KUMARA DISSANAYAKE,NPP,287662.0,2024,52.46156960510934
Southern Province,Matara,SAJITH PREMADASA,SJB,147462.0,2024,26.892978485544262
Southern Province,Matara,RANIL WICKREMESINGHE,IND16,79249.0,2024,14.452819383982973
Southern Province,Matara,NAMAL RAJAPAKSA,SLPP,14962.0,2024,2.7286537826742707
Southern Province,Matara,DILITH JAYAWEERA,SLCP,7316.0,2024,1.3342354681222406
Southern Province,Matara,DISSANAYAKA MUDIYANSELAGE BANDARANAYAKE,IND13,1379.0,2024,0.2514913491717564
Southern Province,Matara,K.K. PIYADASA,IND4,1094.0,2024,0.19951525452784735
Southern Province,Matara,SARATH KEERTHIRATHNA,IND5,845.0,2024,0.1541045613126426
Southern Province,Matara,SARATH FONSEKA,IND12,791.0,2024,0.14425645916958615
Southern Province,Matara,WIJEYADASA RAJAPAKSHE,JPF,652.0,2024,0.11890671476431122
Southern Province,Matara,NAMAL RAJAPAKSHA,SBP,579.0,2024,0.10559353964499416
Southern Province,Matara,AJANTHA DE ZOYSA,RJA,535.0,2024,0.09756916012102224
Southern Province,Matara,ANURUDDHA POLGAMPALA,IND11,501.0,2024,0.09136850321613484
Southern Province,Matara,K.R. KRISHAN,APP,470.0,2024,0.08571496309697281
Southern Province,Matara,PRIYANTHA WICKRAMASINGHE,NSSP,399.0,2024,0.07276653250147265
Southern Province,Matara,AGAMPODI PRASANGA SURANJEEWA ANOJ DE SILVA,DUNF,391.0,2024,0.07130755440620504
Southern Province,Matara,AKMEEMANA DAYARATHANA THERO,IND1,376.0,2024,0.06857197047757824
Southern Province,Matara,NUWAN BOPEGE,SPF,362.0,2024,0.0660187588108599
Southern Province,Matara,SIRIPALA AMARASINGHE,IND2,354.0,2024,0.06455978071559229
Southern Province,Matara,VICTOR PERERA,IND10,322.0,2024,0.05872386833452179
Southern Province,Matara,BATHTHARAMULLE SEELARATHANA THERO,JSP,309.0,2024,0.056353028929711904
Southern Province,Matara,SIRITUNGA JAYASURIYA,USP,284.0,2024,0.051793722382000584
Southern Province,Matara,MAHINDA DEWAGE,SLSP,220.0,2024,0.04012189761985961
Southern Province,Matara,PEMASIRI MANAGE,IND14,212.0,2024,0.03866291952459199
Southern Province,Matara,ABUBAKAR MOHAMED INFAS,DUA,200.0,2024,0.03647445238169056
Southern Province,Matara,K.A. KULARATNA,IND6,151.0,2024,0.027538211548176372
Southern Province,Matara,PANI WIJESIRIWARDENA,SEP,149.0,2024,0.02717346702435946
Southern Province,Matara,SARATH BANDARANAYAKE,NDF,141.0,2024,0.025714488929091842
Southern Province,Matara,KEERTHIE WICKRAMARATNE,AJP,139.0,2024,0.025349744405274936
Southern Province,Matara,OSHALA HERATH,NIF,123.0,2024,0.02243178821473969
Southern Province,Matara,ANURUDDHA ROSHAN RANASINGHE,IND15,119.0,2024,0.021702299167105882
Southern Province,Matara,LALITH DE SILVA,UNFF,117.0,2024,0.021337554643288972
Southern Province,Matara,ARIYANETHIRAN PAKKIYASELVAM,IND9,115.0,2024,0.02097281011947207
Southern Province,Matara,PALLIMULLA KAPUGAMAGE ANURA SIDNEY JAYARATHNA,IND7,113.0,2024,0.020608065595655166
Southern Province,Matara,JANAKA RATNAYAKE,ELPP,78.0,2024,0.014225036428859318
Southern Province,Matara,A.S.P. LIYANAGE,SLLP,57.0,2024,0.010395218928781808
Southern Province,Matara,SARATH MANAMENDRA,NSU,51.0,2024,0.009300985357331091
Southern Province,Matara,MYLVAGANAM THILAKARAJAH,IND8,50.0,2024,0.00911861309542264
