Province,District,Candidate,Party,Total Votes,Year,Total Precentage
Uva Province,Moneragala,ANURA KUMARA DISSANAYAKE,NPP,140269.0,2024,41.861096686781146
Uva Province,Moneragala,SAJITH PREMADASA,SJB,134238.0,2024,40.061238741561766
Uva Province,Moneragala,RANIL WICKREMESINGHE,IND16,35728.0,2024,10.662464710130655
Uva Province,Moneragala,NAMAL RAJAPAKSA,SLPP,12832.0,2024,3.8295103885019186
Uva Province,Moneragala,DILITH JAYAWEERA,SLCP,2286.0,2024,0.6822210682758251
Uva Province,Moneragala,K.K. PIYADASA,IND4,1362.0,2024,0.4064676706000322
Uva Province,Moneragala,DISSANAYAKA MUDIYANSELAGE BANDARANAYAKE,IND13,1084.0,2024,0.32350290376683916
Uva Province,Moneragala,WIJEYADASA RAJAPAKSHE,JPF,666.0,2024,0.19875731910398053
Uva Province,Moneragala,K.R. KRISHAN,APP,588.0,2024,0.17547943488459541
Uva Province,Moneragala,SARATH FONSEKA,IND12,531.0,2024,0.15846867333966014
Uva Province,Moneragala,SARATH KEERTHIRATHNA,IND5,505.0,2024,0.1507093785998651
Uva Province,Moneragala,ANURUDDHA POLGAMPALA,IND11,459.0,2024,0.13698139559868927
Uva Province,Moneragala,NAMAL RAJAPAKSHA,SBP,369.0,2024,0.11012229842247569
Uva Province,Moneragala,AKMEEMANA DAYARATHANA THERO,IND1,345.0,2024,0.10295987250881874
Uva Province,Moneragala,VICTOR PERERA,IND10,337.0,2024,0.10057239720426643
Uva Province,Moneragala,NUWAN BOPEGE,SPF,307.0,2024,0.09161936481219522
Uva Province,Moneragala,PRIYANTHA WICKRAMASINGHE,NSSP,294.0,2024,0.08773971744229771
Uva Province,Moneragala,AGAMPODI PRASANGA SURANJEEWA ANOJ DE SILVA,DUNF,287.0,2024,0.08565067655081443
Uva Province,Moneragala,AJANTHA DE ZOYSA,RJA,283.0,2024,0.08445693889853827
Uva Province,Moneragala,SIRITUNGA JAYASURIYA,USP,278.0,2024,0.08296476683319307
Uva Province,Moneragala,SIRIPALA AMARASINGHE,IND2,221.0,2024,0.0659540052882578
Uva Province,Moneragala,PEMASIRI MANAGE,IND14,219.0,2024,0.06535713646211971
Uva Province,Moneragala,BATHTHARAMULLE SEELARATHANA THERO,JSP,156.0,2024,0.04655576843877021
Uva Province,Moneragala,MAHINDA DEWAGE,SLSP,150.0,2024,0.04476516196035597
Uva Province,Moneragala,ABUBAKAR MOHAMED INFAS,DUA,148.0,2024,0.04416829313421789
Uva Province,Moneragala,SARATH BANDARANAYAKE,NDF,148.0,2024,0.04416829313421789
Uva Province,Moneragala,KEERTHIE WICKRAMARATNE,AJP,126.0,2024,0.03760273604669902
Uva Province,Moneragala,ARIYANETHIRAN PAKKIYASELVAM,IND9,122.0,2024,0.03640899839442285
Uva Province,Moneragala,OSHALA HERATH,NIF,113.0,2024,0.033723088676801495
Uva Province,Moneragala,K.A. KULARATNA,IND6,107.0,2024,0.03193248219838726
Uva Province,Moneragala,PANI WIJESIRIWARDENA,SEP,89.0,2024,0.026560662763144546
Uva Province,Moneragala,PALLIMULLA KAPUGAMAGE ANURA SIDNEY JAYARATHNA,IND7,74.0,2024,0.022084146567108946
Uva Province,Moneragala,LALITH DE SILVA,UNFF,72.0,2024,0.021487277740970867
Uva Province,Moneragala,JANAKA RATNAYAKE,ELPP,70.0,2024,0.02089040891483279
Uva Province,Moneragala,ANURUDDHA ROSHAN RANASINGHE,IND15,68.0,2024,0.020293540088694707
Uva Province,Moneragala,MYLVAGANAM THILAKARAJAH,IND8,58.0,2024,0.017309195958004307
Uva Province,Moneragala,SARATH MANAMENDRA,NSU,57.0,2024,0.01701076154493527
Uva Province,Moneragala,A.S.P. LIYANAGE,SLLP,36.0,2024,0.010743638870485434
