Province,District,Candidate,Party,Total Votes,Year,Total Precentage
Central Province,NuwaraEliya,SAJITH PREMADASA,SJB,201814.0,2024,42.58263263949698
Central Province,NuwaraEliya,RANIL WICKREMESINGHE,IND16,138619.0,2024,29.24852564170192
Central Province,NuwaraEliya,ANURA KUMARA DISSANAYAKE,NPP,105057.0,2024,22.1669638241531
Central Province,NuwaraEliya,NAMAL RAJAPAKSA,SLPP,8821.0,2024,1.8612256955067679
Central Province,NuwaraEliya,K.K. PIYADASA,IND4,3614.0,2024,0.7625518267272938
Central Province,NuwaraEliya,DILITH JAYAWEERA,SLCP,2003.0,2024,0.42263179549938285
Central Province,NuwaraEliya,PRIYANTHA WICKRAMASINGHE,NSSP,1102.0,2024,0.23252133731418864
Central Province,NuwaraEliya,SARATH FONSEKA,IND12,1059.0,2024,0.22344836317216496
Central Province,NuwaraEliya,WIJEYADASA RAJAPAKSHE,JPF,904.0,2024,0.1907434563811493
Central Province,NuwaraEliya,DISSANAYAKA MUDIYANSELAGE BANDARANAYAKE,IND13,828.0,2024,0.17470750208361907
Central Province,NuwaraEliya,ARIYANETHIRAN PAKKIYASELVAM,IND9,793.0,2024,0.16732252313080906
Central Province,NuwaraEliya,VICTOR PERERA,IND10,786.0,2024,0.1658455273402471
Central Province,NuwaraEliya,ANURUDDHA POLGAMPALA,IND11,765.0,2024,0.1614145399685611
Central Province,NuwaraEliya,AKMEEMANA DAYARATHANA THERO,IND1,651.0,2024,0.13736060852226573
Central Province,NuwaraEliya,SIRITUNGA JAYASURIYA,USP,616.0,2024,0.12997562956945571
Central Province,NuwaraEliya,SIRIPALA AMARASINGHE,IND2,616.0,2024,0.12997562956945571
Central Province,NuwaraEliya,K.R. KRISHAN,APP,579.0,2024,0.1221686518193423
Central Province,NuwaraEliya,SARATH KEERTHIRATHNA,IND5,537.0,2024,0.11330667707597034
Central Province,NuwaraEliya,PEMASIRI MANAGE,IND14,431.0,2024,0.09094074081888867
Central Province,NuwaraEliya,AJANTHA DE ZOYSA,RJA,398.0,2024,0.08397776066338211
Central Province,NuwaraEliya,NAMAL RAJAPAKSHA,SBP,369.0,2024,0.07785877810248241
Central Province,NuwaraEliya,PANI WIJESIRIWARDENA,SEP,363.0,2024,0.07659278171057213
Central Province,NuwaraEliya,AGAMPODI PRASANGA SURANJEEWA ANOJ DE SILVA,DUNF,352.0,2024,0.07427178832540327
Central Province,NuwaraEliya,ABUBAKAR MOHAMED INFAS,DUA,333.0,2024,0.0702627997510207
Central Province,NuwaraEliya,K.A. KULARATNA,IND6,292.0,2024,0.06161182440630044
Central Province,NuwaraEliya,KEERTHIE WICKRAMARATNE,AJP,278.0,2024,0.05865783282517645
Central Province,NuwaraEliya,NUWAN BOPEGE,SPF,246.0,2024,0.0519058520683216
Central Province,NuwaraEliya,BATHTHARAMULLE SEELARATHANA THERO,JSP,240.0,2024,0.05063985567641133
Central Province,NuwaraEliya,MYLVAGANAM THILAKARAJAH,IND8,228.0,2024,0.04810786289259076
Central Province,NuwaraEliya,OSHALA HERATH,NIF,216.0,2024,0.04557587010877019
Central Province,NuwaraEliya,MAHINDA DEWAGE,SLSP,185.0,2024,0.039034888750567064
Central Province,NuwaraEliya,ANURUDDHA ROSHAN RANASINGHE,IND15,155.0,2024,0.03270490679101564
Central Province,NuwaraEliya,LALITH DE SILVA,UNFF,144.0,2024,0.030383913405846792
Central Province,NuwaraEliya,A.S.P. LIYANAGE,SLLP,126.0,2024,0.026585924230115947
Central Province,NuwaraEliya,PALLIMULLA KAPUGAMAGE ANURA SIDNEY JAYARATHNA,IND7,111.0,2024,0.023420933250340236
Central Province,NuwaraEliya,SARATH BANDARANAYAKE,NDF,106.0,2024,0.022365936257081668
Central Province,NuwaraEliya,JANAKA RATNAYAKE,ELPP,106.0,2024,0.022365936257081668
Central Province,NuwaraEliya,SARATH MANAMENDRA,NSU,92.0,2024,0.019411944675957672
