Province,District,Candidate,Party,Total Votes,Year,Total Precentage
North Central Province,Polonnaruwa,ANURA KUMARA DISSANAYAKE,NPP,130880.0,2024,46.11682129379389
North Central Province,Polonnaruwa,SAJITH PREMADASA,SJB,100730.0,2024,35.49318008040846
North Central Province,Polonnaruwa,RANIL WICKREMESINGHE,IND16,36908.0,2024,13.004887227317733
North Central Province,Polonnaruwa,NAMAL RAJAPAKSA,SLPP,5594.0,2024,1.971099467584681
North Central Province,Polonnaruwa,DILITH JAYAWEERA,SLCP,1727.0,2024,0.6085249875793249
North Central Province,Polonnaruwa,DISSANAYAKA MUDIYANSELAGE BANDARANAYAKE,IND13,1040.0,2024,0.366453958936015
North Central Province,Polonnaruwa,K.K. PIYADASA,IND4,824.0,2024,0.2903442905416119
North Central Province,Polonnaruwa,ANURUDDHA ROSHAN RANASINGHE,IND15,592.0,2024,0.20859686893280857
North Central Province,Polonnaruwa,NUWAN BOPEGE,SPF,551.0,2024,0.19415012632090795
North Central Province,Polonnaruwa,WIJEYADASA RAJAPAKSHE,JPF,507.0,2024,0.17864630498130732
North Central Province,Polonnaruwa,SARATH FONSEKA,IND12,452.0,2024,0.15926652830680654
North Central Province,Polonnaruwa,ANURUDDHA POLGAMPALA,IND11,406.0,2024,0.14305798781540585
North Central Province,Polonnaruwa,SARATH KEERTHIRATHNA,IND5,305.0,2024,0.10746967064950441
North Central Province,Polonnaruwa,K.R. KRISHAN,APP,272.0,2024,0.09584180464480392
North Central Province,Polonnaruwa,PRIYANTHA WICKRAMASINGHE,NSSP,257.0,2024,0.09055641100630371
North Central Province,Polonnaruwa,AJANTHA DE ZOYSA,RJA,253.0,2024,0.08914697270270365
North Central Province,Polonnaruwa,AKMEEMANA DAYARATHANA THERO,IND1,246.0,2024,0.08668045567140355
North Central Province,Polonnaruwa,NAMAL RAJAPAKSHA,SBP,229.0,2024,0.08069034288110331
North Central Province,Polonnaruwa,VICTOR PERERA,IND10,200.0,2024,0.07047191518000288
North Central Province,Polonnaruwa,AGAMPODI PRASANGA SURANJEEWA ANOJ DE SILVA,DUNF,195.0,2024,0.06871011730050282
North Central Province,Polonnaruwa,SIRITUNGA JAYASURIYA,USP,191.0,2024,0.06730067899690276
North Central Province,Polonnaruwa,SIRIPALA AMARASINGHE,IND2,167.0,2024,0.058844049175302414
North Central Province,Polonnaruwa,ARIYANETHIRAN PAKKIYASELVAM,IND9,160.0,2024,0.05637753214400231
North Central Province,Polonnaruwa,PEMASIRI MANAGE,IND14,126.0,2024,0.04439730656340182
North Central Province,Polonnaruwa,BATHTHARAMULLE SEELARATHANA THERO,JSP,114.0,2024,0.04016899165260165
North Central Province,Polonnaruwa,MAHINDA DEWAGE,SLSP,104.0,2024,0.0366453958936015
North Central Province,Polonnaruwa,ABUBAKAR MOHAMED INFAS,DUA,93.0,2024,0.03276944055870134
North Central Province,Polonnaruwa,KEERTHIE WICKRAMARATNE,AJP,85.0,2024,0.029950563951501228
North Central Province,Polonnaruwa,K.A. KULARATNA,IND6,82.0,2024,0.028893485223801186
North Central Province,Polonnaruwa,SARATH BANDARANAYAKE,NDF,81.0,2024,0.02854112564790117
North Central Province,Polonnaruwa,LALITH DE SILVA,UNFF,78.0,2024,0.02748404692020113
North Central Province,Polonnaruwa,OSHALA HERATH,NIF,71.0,2024,0.025017529888901026
North Central Province,Polonnaruwa,PANI WIJESIRIWARDENA,SEP,65.0,2024,0.022903372433500938
North Central Province,Polonnaruwa,PALLIMULLA KAPUGAMAGE ANURA SIDNEY JAYARATHNA,IND7,63.0,2024,0.02219865328170091
North Central Province,Polonnaruwa,JANAKA RATNAYAKE,ELPP,46.0,2024,0.016208540491400664
North Central Province,Polonnaruwa,MYLVAGANAM THILAKARAJAH,IND8,39.0,2024,0.013742023460100564
North Central Province,Polonnaruwa,A.S.P. LIYANAGE,SLLP,37.0,2024,0.013037304308300536
North Central Province,Polonnaruwa,SARATH MANAMENDRA,NSU,31.0,2024,0.010923146852900448
