Province,District,Candidate,Party,Total Votes,Year,Total Precentage
Wayamba Province,Puttalam,ANURA KUMARA DISSANAYAKE,NPP,207134.0,2024,44.062157648985846
Wayamba Province,Puttalam,SAJITH PREMADASA,SJB,173382.0,2024,36.88233229453621
Wayamba Province,Puttalam,RANIL WICKREMESINGHE,IND16,60719.0,2024,12.916325423584595
Wayamba Province,Puttalam,NAMAL RAJAPAKSA,SLPP,13285.0,2024,2.826024526957317
Wayamba Province,Puttalam,DILITH JAYAWEERA,SLCP,3003.0,2024,0.6388070496389028
Wayamba Province,Puttalam,K.K. PIYADASA,IND4,1769.0,2024,0.37630691668705263
Wayamba Province,Puttalam,DISSANAYAKA MUDIYANSELAGE BANDARANAYAKE,IND13,1553.0,2024,0.3303587572724662
Wayamba Province,Puttalam,WIJEYADASA RAJAPAKSHE,JPF,769.0,2024,0.16358395643433774
Wayamba Province,Puttalam,ABUBAKAR MOHAMED INFAS,DUA,699.0,2024,0.1486933492166477
Wayamba Province,Puttalam,SARATH FONSEKA,IND12,683.0,2024,0.14528978185260427
Wayamba Province,Puttalam,ANURUDDHA POLGAMPALA,IND11,643.0,2024,0.13678086344249565
Wayamba Province,Puttalam,K.R. KRISHAN,APP,526.0,2024,0.11189227709292804
Wayamba Province,Puttalam,SARATH KEERTHIRATHNA,IND5,503.0,2024,0.10699964900711559
Wayamba Province,Puttalam,NAMAL RAJAPAKSHA,SBP,459.0,2024,0.09763983875599613
Wayamba Province,Puttalam,AJANTHA DE ZOYSA,RJA,406.0,2024,0.08636552186260224
Wayamba Province,Puttalam,AGAMPODI PRASANGA SURANJEEWA ANOJ DE SILVA,DUNF,398.0,2024,0.08466373818058053
Wayamba Province,Puttalam,AKMEEMANA DAYARATHANA THERO,IND1,376.0,2024,0.0799838330550208
Wayamba Province,Puttalam,ARIYANETHIRAN PAKKIYASELVAM,IND9,375.0,2024,0.07977111009476807
Wayamba Province,Puttalam,PRIYANTHA WICKRAMASINGHE,NSSP,365.0,2024,0.07764388049224093
Wayamba Province,Puttalam,NUWAN BOPEGE,SPF,323.0,2024,0.0687095161616269
Wayamba Province,Puttalam,SIRITUNGA JAYASURIYA,USP,314.0,2024,0.06679500951935247
Wayamba Province,Puttalam,SIRIPALA AMARASINGHE,IND2,297.0,2024,0.06317871919505631
Wayamba Province,Puttalam,VICTOR PERERA,IND10,271.0,2024,0.05764792222848573
Wayamba Province,Puttalam,BATHTHARAMULLE SEELARATHANA THERO,JSP,194.0,2024,0.04126825428902669
Wayamba Province,Puttalam,MAHINDA DEWAGE,SLSP,164.0,2024,0.03488656548144524
Wayamba Province,Puttalam,PEMASIRI MANAGE,IND14,159.0,2024,0.033822950680181665
Wayamba Province,Puttalam,OSHALA HERATH,NIF,152.0,2024,0.03233388995841266
Wayamba Province,Puttalam,PANI WIJESIRIWARDENA,SEP,149.0,2024,0.03169572107765452
Wayamba Province,Puttalam,SARATH BANDARANAYAKE,NDF,142.0,2024,0.030206660355885512
Wayamba Province,Puttalam,KEERTHIE WICKRAMARATNE,AJP,139.0,2024,0.02956849147512737
Wayamba Province,Puttalam,K.A. KULARATNA,IND6,134.0,2024,0.028504876673863797
Wayamba Province,Puttalam,ANURUDDHA ROSHAN RANASINGHE,IND15,116.0,2024,0.024675863389314927
Wayamba Province,Puttalam,PALLIMULLA KAPUGAMAGE ANURA SIDNEY JAYARATHNA,IND7,114.0,2024,0.024250417468809495
Wayamba Province,Puttalam,LALITH DE SILVA,UNFF,104.0,2024,0.022123187866282347
Wayamba Province,Puttalam,SARATH MANAMENDRA,NSU,81.0,2024,0.017230559780469903
Wayamba Province,Puttalam,MYLVAGANAM THILAKARAJAH,IND8,66.0,2024,0.01403971537667918
Wayamba Province,Puttalam,JANAKA RATNAYAKE,ELPP,65.0,2024,0.013826992416426468
Wayamba Province,Puttalam,A.S.P. LIYANAGE,SLLP,64.0,2024,0.013614269456173752
