Province,District,Candidate,Party,Total Votes,Year,Total Precentage
Sabaragamuwa Province,Ratnapura,ANURA KUMARA DISSANAYAKE,NPP,291708.0,2024,39.32302092811647
Sabaragamuwa Province,Ratnapura,SAJITH PREMADASA,SJB,257721.0,2024,34.74148215549489
Sabaragamuwa Province,Ratnapura,RANIL WICKREMESINGHE,IND16,145038.0,2024,19.551511475078353
Sabaragamuwa Province,Ratnapura,NAMAL RAJAPAKSA,SLPP,20575.0,2024,2.7735651939473596
Sabaragamuwa Province,Ratnapura,DILITH JAYAWEERA,SLCP,7629.0,2024,1.0284096653523405
Sabaragamuwa Province,Ratnapura,K.K. PIYADASA,IND4,2319.0,2024,0.3126074208876757
Sabaragamuwa Province,Ratnapura,DISSANAYAKA MUDIYANSELAGE BANDARANAYAKE,IND13,1604.0,2024,0.2162235028477067
Sabaragamuwa Province,Ratnapura,SARATH FONSEKA,IND12,1496.0,2024,0.20166481312978127
Sabaragamuwa Province,Ratnapura,WIJEYADASA RAJAPAKSHE,JPF,1299.0,2024,0.1751086846628248
Sabaragamuwa Province,Ratnapura,ANURUDDHA POLGAMPALA,IND11,1033.0,2024,0.13925117109830487
Sabaragamuwa Province,Ratnapura,SARATH KEERTHIRATHNA,IND5,942.0,2024,0.12698412698412698
Sabaragamuwa Province,Ratnapura,PRIYANTHA WICKRAMASINGHE,NSSP,861.0,2024,0.11606510969568294
Sabaragamuwa Province,Ratnapura,K.R. KRISHAN,APP,830.0,2024,0.11188622653590806
Sabaragamuwa Province,Ratnapura,NAMAL RAJAPAKSHA,SBP,777.0,2024,0.10474168435951876
Sabaragamuwa Province,Ratnapura,AKMEEMANA DAYARATHANA THERO,IND1,744.0,2024,0.1002931958345971
Sabaragamuwa Province,Ratnapura,VICTOR PERERA,IND10,648.0,2024,0.08735213830755231
Sabaragamuwa Province,Ratnapura,AGAMPODI PRASANGA SURANJEEWA ANOJ DE SILVA,DUNF,640.0,2024,0.08627371684696525
Sabaragamuwa Province,Ratnapura,SIRIPALA AMARASINGHE,IND2,608.0,2024,0.08196003100461699
Sabaragamuwa Province,Ratnapura,AJANTHA DE ZOYSA,RJA,594.0,2024,0.08007279344858963
Sabaragamuwa Province,Ratnapura,SIRITUNGA JAYASURIYA,USP,589.0,2024,0.07939878003572272
Sabaragamuwa Province,Ratnapura,NUWAN BOPEGE,SPF,463.0,2024,0.06241364203147643
Sabaragamuwa Province,Ratnapura,PEMASIRI MANAGE,IND14,371.0,2024,0.050011795234725175
Sabaragamuwa Province,Ratnapura,ABUBAKAR MOHAMED INFAS,DUA,348.0,2024,0.04691133353553736
Sabaragamuwa Province,Ratnapura,BATHTHARAMULLE SEELARATHANA THERO,JSP,340.0,2024,0.04583291207495029
Sabaragamuwa Province,Ratnapura,KEERTHIE WICKRAMARATNE,AJP,284.0,2024,0.038283961850840834
Sabaragamuwa Province,Ratnapura,MAHINDA DEWAGE,SLSP,260.0,2024,0.03504869746907963
Sabaragamuwa Province,Ratnapura,K.A. KULARATNA,IND6,259.0,2024,0.03491389478650625
Sabaragamuwa Province,Ratnapura,ARIYANETHIRAN PAKKIYASELVAM,IND9,247.0,2024,0.03329626259562565
Sabaragamuwa Province,Ratnapura,PANI WIJESIRIWARDENA,SEP,241.0,2024,0.032487446500185355
Sabaragamuwa Province,Ratnapura,OSHALA HERATH,NIF,230.0,2024,0.031004616991878137
Sabaragamuwa Province,Ratnapura,SARATH BANDARANAYAKE,NDF,205.0,2024,0.027634549927543557
Sabaragamuwa Province,Ratnapura,PALLIMULLA KAPUGAMAGE ANURA SIDNEY JAYARATHNA,IND7,168.0,2024,0.02264685067232838
Sabaragamuwa Province,Ratnapura,JANAKA RATNAYAKE,ELPP,148.0,2024,0.019950797020860715
Sabaragamuwa Province,Ratnapura,LALITH DE SILVA,UNFF,133.0,2024,0.01792875678225997
Sabaragamuwa Province,Ratnapura,ANURUDDHA ROSHAN RANASINGHE,IND15,132.0,2024,0.017793954099686583
Sabaragamuwa Province,Ratnapura,A.S.P. LIYANAGE,SLLP,130.0,2024,0.017524348734539816
Sabaragamuwa Province,Ratnapura,MYLVAGANAM THILAKARAJAH,IND8,106.0,2024,0.014289084352778621
Sabaragamuwa Province,Ratnapura,SARATH MANAMENDRA,NSU,105.0,2024,0.014154281670205238
