Province,District,Candidate,Party,Total Votes,Year,Total Precentage
Eastern Province,Trincomalee,SAJITH PREMADASA,SJB,120588.0,2024,50.35809589035375
Eastern Province,Trincomalee,ANURA KUMARA DISSANAYAKE,NPP,49886.0,2024,20.832619925582872
Eastern Province,Trincomalee,RANIL WICKREMESINGHE,IND16,40496.0,2024,16.911313324507958
Eastern Province,Trincomalee,ARIYANETHIRAN PAKKIYASELVAM,IND9,18524.0,2024,7.735706440714772
Eastern Province,Trincomalee,NAMAL RAJAPAKSA,SLPP,2183.0,2024,0.9116307039559677
Eastern Province,Trincomalee,K.K. PIYADASA,IND4,1746.0,2024,0.729137521350032
Eastern Province,Trincomalee,DILITH JAYAWEERA,SLCP,874.0,2024,0.36498636521187167
Eastern Province,Trincomalee,DISSANAYAKA MUDIYANSELAGE BANDARANAYAKE,IND13,468.0,2024,0.19543892324846218
Eastern Province,Trincomalee,WIJEYADASA RAJAPAKSHE,JPF,467.0,2024,0.19502131871160647
Eastern Province,Trincomalee,SARATH FONSEKA,IND12,379.0,2024,0.1582721194683059
Eastern Province,Trincomalee,ANURUDDHA POLGAMPALA,IND11,347.0,2024,0.14490877428892388
Eastern Province,Trincomalee,NUWAN BOPEGE,SPF,345.0,2024,0.1440735652152125
Eastern Province,Trincomalee,PRIYANTHA WICKRAMASINGHE,NSSP,277.0,2024,0.1156764567090257
Eastern Province,Trincomalee,K.R. KRISHAN,APP,271.0,2024,0.11317082948789155
Eastern Province,Trincomalee,VICTOR PERERA,IND10,268.0,2024,0.1119180158773245
Eastern Province,Trincomalee,SIRITUNGA JAYASURIYA,USP,258.0,2024,0.1077419705087676
Eastern Province,Trincomalee,AKMEEMANA DAYARATHANA THERO,IND1,192.0,2024,0.08018007107629217
Eastern Province,Trincomalee,MAHINDA DEWAGE,SLSP,167.0,2024,0.06973995765489996
Eastern Province,Trincomalee,ABUBAKAR MOHAMED INFAS,DUA,149.0,2024,0.062223075991497574
Eastern Province,Trincomalee,SARATH KEERTHIRATHNA,IND5,146.0,2024,0.06097026238093051
Eastern Province,Trincomalee,PEMASIRI MANAGE,IND14,138.0,2024,0.05762942608608499
Eastern Province,Trincomalee,AJANTHA DE ZOYSA,RJA,131.0,2024,0.054706194328095176
Eastern Province,Trincomalee,NAMAL RAJAPAKSHA,SBP,119.0,2024,0.04969493988582692
Eastern Province,Trincomalee,AGAMPODI PRASANGA SURANJEEWA ANOJ DE SILVA,DUNF,115.0,2024,0.048024521738404165
Eastern Province,Trincomalee,SIRIPALA AMARASINGHE,IND2,111.0,2024,0.04635410359098141
Eastern Province,Trincomalee,SARATH BANDARANAYAKE,NDF,102.0,2024,0.042595662759280215
Eastern Province,Trincomalee,KEERTHIE WICKRAMARATNE,AJP,77.0,2024,0.03215554933788801
Eastern Province,Trincomalee,ANURUDDHA ROSHAN RANASINGHE,IND15,72.0,2024,0.030067526653609563
Eastern Province,Trincomalee,OSHALA HERATH,NIF,72.0,2024,0.030067526653609563
Eastern Province,Trincomalee,K.A. KULARATNA,IND6,72.0,2024,0.030067526653609563
Eastern Province,Trincomalee,BATHTHARAMULLE SEELARATHANA THERO,JSP,69.0,2024,0.028814713043042495
Eastern Province,Trincomalee,MYLVAGANAM THILAKARAJAH,IND8,68.0,2024,0.028397108506186812
Eastern Province,Trincomalee,PANI WIJESIRIWARDENA,SEP,62.0,2024,0.02589148128505268
Eastern Province,Trincomalee,SARATH MANAMENDRA,NSU,54.0,2024,0.02255064499020717
Eastern Province,Trincomalee,PALLIMULLA KAPUGAMAGE ANURA SIDNEY JAYARATHNA,IND7,49.0,2024,0.02046262230592873
Eastern Province,Trincomalee,LALITH DE SILVA,UNFF,46.0,2024,0.019209808695361666
Eastern Province,Trincomalee,A.S.P. LIYANAGE,SLLP,40.0,2024,0.016704181474227538
Eastern Province,Trincomalee,JANAKA RATNAYAKE,ELPP,33.0,2024,0.013780949716237717
