Province,District,Candidate,Party,Total Votes,Year,Total Precentage
Northern Province,Vanni,SAJITH PREMADASA,SJB,95422.0,2024,43.91882873304521
Northern Province,Vanni,RANIL WICKREMESINGHE,IND16,52573.0,2024,24.197193340973634
Northern Province,Vanni,ARIYANETHIRAN PAKKIYASELVAM,IND9,36377.0,2024,16.742839521514803
Northern Province,Vanni,ANURA KUMARA DISSANAYAKE,NPP,21412.0,2024,9.855064459264783
Northern Province,Vanni,K.K. PIYADASA,IND4,3240.0,2024,1.4912389710451102
Northern Province,Vanni,NAMAL RAJAPAKSA,SLPP,1079.0,2024,0.4966193980733561
Northern Province,Vanni,WIJEYADASA RAJAPAKSHE,JPF,682.0,2024,0.313896598226162
Northern Province,Vanni,SARATH FONSEKA,IND12,551.0,2024,0.2536026768660048
Northern Province,Vanni,K.R. KRISHAN,APP,452.0,2024,0.20803704163962644
Northern Province,Vanni,VICTOR PERERA,IND10,431.0,2024,0.19837160386433406
Northern Province,Vanni,ANURUDDHA POLGAMPALA,IND11,421.0,2024,0.19376901444752817
Northern Province,Vanni,PRIYANTHA WICKRAMASINGHE,NSSP,417.0,2024,0.19192797868080583
Northern Province,Vanni,SIRITUNGA JAYASURIYA,USP,404.0,2024,0.18594461243895816
Northern Province,Vanni,DISSANAYAKA MUDIYANSELAGE BANDARANAYAKE,IND13,366.0,2024,0.16845477265509576
Northern Province,Vanni,AKMEEMANA DAYARATHANA THERO,IND1,347.0,2024,0.15970985276316454
Northern Province,Vanni,SIRIPALA AMARASINGHE,IND2,237.0,2024,0.10908136917829972
Northern Province,Vanni,SARATH KEERTHIRATHNA,IND5,236.0,2024,0.10862111023661912
Northern Province,Vanni,DILITH JAYAWEERA,SLCP,229.0,2024,0.10539929764485499
Northern Province,Vanni,ABUBAKAR MOHAMED INFAS,DUA,207.0,2024,0.09527360092788202
Northern Province,Vanni,MAHINDA DEWAGE,SLSP,181.0,2024,0.0833068684441867
Northern Province,Vanni,PEMASIRI MANAGE,IND14,177.0,2024,0.08146583267746434
Northern Province,Vanni,OSHALA HERATH,NIF,160.0,2024,0.07364143066889432
Northern Province,Vanni,AJANTHA DE ZOYSA,RJA,154.0,2024,0.07087987701881078
Northern Province,Vanni,NUWAN BOPEGE,SPF,154.0,2024,0.07087987701881078
Northern Province,Vanni,SARATH BANDARANAYAKE,NDF,149.0,2024,0.06857858231040784
Northern Province,Vanni,NAMAL RAJAPAKSHA,SBP,141.0,2024,0.06489651077696311
Northern Province,Vanni,PANI WIJESIRIWARDENA,SEP,127.0,2024,0.05845288559343487
Northern Province,Vanni,KEERTHIE WICKRAMARATNE,AJP,119.0,2024,0.054770814059990146
Northern Province,Vanni,BATHTHARAMULLE SEELARATHANA THERO,JSP,108.0,2024,0.04970796570150367
Northern Province,Vanni,AGAMPODI PRASANGA SURANJEEWA ANOJ DE SILVA,DUNF,108.0,2024,0.04970796570150367
Northern Province,Vanni,ANURUDDHA ROSHAN RANASINGHE,IND15,101.0,2024,0.04648615310973954
Northern Province,Vanni,K.A. KULARATNA,IND6,98.0,2024,0.045105376284697775
Northern Province,Vanni,PALLIMULLA KAPUGAMAGE ANURA SIDNEY JAYARATHNA,IND7,78.0,2024,0.03590019745108598
Northern Province,Vanni,JANAKA RATNAYAKE,ELPP,75.0,2024,0.03451942062604421
Northern Province,Vanni,SARATH MANAMENDRA,NSU,73.0,2024,0.03359890274268303
Northern Province,Vanni,MYLVAGANAM THILAKARAJAH,IND8,72.0,2024,0.03313864380100244
Northern Province,Vanni,LALITH DE SILVA,UNFF,70.0,2024,0.03221812591764126
Northern Province,Vanni,A.S.P. LIYANAGE,SLLP,41.0,2024,0.01887061660890417
